6.152836258257985413e-01,1.204520562032919795e+00,1.000000000000000000e+00
2.675314451471721089e+00,9.835637779617143472e-01,1.000000000000000000e+00
-4.113244446145660760e-01,6.744923285361332788e-01,1.000000000000000000e+00
1.114020911159827598e+00,-2.362956166765000088e-01,1.000000000000000000e+00
2.608200920908687603e+00,-1.472244410213893184e+00,1.000000000000000000e+00
3.039664810258674965e+00,-6.028682074776327005e-01,1.000000000000000000e+00
1.496760349033670057e+00,-3.732952857669522562e-01,1.000000000000000000e+00
1.975157853380557826e+00,-7.243877680980383982e-01,1.000000000000000000e+00
4.996515337077596097e-01,5.185141270406488090e-01,1.000000000000000000e+00
1.323945011102719782e+00,-1.497484409064378852e+00,1.000000000000000000e+00
5.375400437591581593e+00,-4.871041229311710019e+00,1.000000000000000000e+00
8.120040102047247910e-01,-6.504186340337025918e-01,1.000000000000000000e+00
-1.156534317215082819e+00,1.017085213802323640e+00,1.000000000000000000e+00
2.051998761854076037e+00,-1.552811984656154110e+00,1.000000000000000000e+00
1.572687554699198076e+00,1.399166934272035423e+00,1.000000000000000000e+00
2.312041166130974990e+00,-1.117429250119762907e+00,1.000000000000000000e+00
1.851446030674146037e+00,-3.777385318545448900e+00,1.000000000000000000e+00
2.699275392070271451e+00,-1.948964535227144967e+00,1.000000000000000000e+00
1.716761260737339922e+00,8.331650908640222397e-01,1.000000000000000000e+00
2.436016216306899906e+00,-2.231561830430578652e+00,1.000000000000000000e+00
2.395565757415175412e+00,-3.731983716085704561e+00,1.000000000000000000e+00
5.337963491000024874e+00,-3.015785666846593660e+00,1.000000000000000000e+00
2.475777385370098838e+00,-2.474151770766265024e+00,1.000000000000000000e+00
4.074977509064236614e+00,-2.942573991312212200e+00,1.000000000000000000e+00
3.800151274741016216e+00,-3.949122371665832354e+00,1.000000000000000000e+00
3.435043271848609692e+00,-2.621803235509506003e+00,1.000000000000000000e+00
1.982917759997030904e+00,-2.841681221247345679e+00,1.000000000000000000e+00
2.540193865426845221e+00,-1.355733803701043128e+00,1.000000000000000000e+00
2.355729395523432856e+00,-1.281733409216662345e+00,1.000000000000000000e+00
2.658497746525169347e+00,-2.616093512446733271e+00,1.000000000000000000e+00
2.701181724228967518e+00,-2.669299773004497833e+00,1.000000000000000000e+00
1.941411250498189522e+00,-3.544778533477693561e+00,1.000000000000000000e+00
1.769171901925870927e+00,-1.469437826209772702e+00,1.000000000000000000e+00
4.266969612444006188e+00,-3.639690522457875055e+00,1.000000000000000000e+00
3.224752220414609738e+00,-2.803837156135972730e+00,1.000000000000000000e+00
1.535600881501096637e+00,-4.155793567796826071e-01,1.000000000000000000e+00
1.917521515620164152e-01,-4.982388782656317350e-01,1.000000000000000000e+00
1.341636011010060248e+00,-1.285852226765012318e+00,1.000000000000000000e+00
2.766209979083316561e+00,-3.062217135912440824e+00,1.000000000000000000e+00
2.593943920919081325e+00,-1.946104756641260813e+00,1.000000000000000000e+00
4.063826387219474867e+00,-2.755920932846479765e+00,1.000000000000000000e+00
7.077600469554135021e-01,-1.614425115460741855e+00,1.000000000000000000e+00
1.903851424718507435e+00,1.545374290413531693e+00,1.000000000000000000e+00
8.517838939392543551e-01,7.809126172968250401e-02,1.000000000000000000e+00
4.065648251259727175e+00,-2.544646530818606145e+00,1.000000000000000000e+00
3.467416172786538464e+00,-1.503052419267456585e+00,1.000000000000000000e+00
2.653540177400010691e+00,-7.459547225398236447e-01,1.000000000000000000e+00
2.316337475589937966e+00,-6.663221321501122674e-01,1.000000000000000000e+00
3.402336665151054262e+00,-6.312884556904103661e-01,1.000000000000000000e+00
2.357712640469601162e+00,-1.145955643577302396e+00,1.000000000000000000e+00
-6.744204678489951199e-01,5.143440257818410188e-01,1.000000000000000000e+00
4.221482990491685072e+00,-2.873424932151559474e+00,1.000000000000000000e+00
4.766165354885790961e+00,-2.253566814455447709e+00,1.000000000000000000e+00
2.167782817103652615e+00,-2.488660078936701936e+00,1.000000000000000000e+00
1.165145920644497179e+00,1.965043714518118101e+00,1.000000000000000000e+00
8.418065430332621890e-01,1.602445347324689351e+00,1.000000000000000000e+00
4.412113162871199812e+00,-1.822130650245441075e+00,1.000000000000000000e+00
3.044196291381368269e+00,-1.515843407364209972e+00,1.000000000000000000e+00
1.114607098444940103e+00,-2.421693816771972596e-01,1.000000000000000000e+00
2.185721219966942463e+00,-1.899291190532790274e-01,1.000000000000000000e+00
1.093337683529862048e+00,-1.527352151124663937e+00,1.000000000000000000e+00
2.790574045408324544e+00,-4.444156414068101135e-01,1.000000000000000000e+00
2.864370877220505207e+00,-2.597620824744024226e+00,1.000000000000000000e+00
3.918500350208513616e+00,-1.240133122538354282e+00,1.000000000000000000e+00
1.781302403609931195e+00,-3.599413140062817096e-01,1.000000000000000000e+00
3.402880794614117299e+00,-2.366414229222662868e+00,1.000000000000000000e+00
2.963593276884785688e+00,-2.479145997570209925e+00,1.000000000000000000e+00
3.351568300896105690e+00,-2.106259807836012410e+00,1.000000000000000000e+00
1.473373020312176207e+00,-8.007960854415661078e-01,1.000000000000000000e+00
1.076729820632359225e+00,-1.496104751395240129e+00,1.000000000000000000e+00
4.103632984783801341e+00,-3.451658792696839839e+00,1.000000000000000000e+00
2.470486071142696805e+00,-9.740228411455402746e-01,1.000000000000000000e+00
3.190198937804833434e-01,2.361904519900420940e+00,1.000000000000000000e+00
3.939307977107850078e+00,-2.286988659889664710e+00,1.000000000000000000e+00
3.317641247504917512e+00,-3.643737707333904119e+00,1.000000000000000000e+00
3.437824942535276485e+00,-7.801187802723238418e-01,1.000000000000000000e+00
2.467413809671322067e+00,-3.003178166222165935e+00,1.000000000000000000e+00
1.888458476855192636e+00,-1.994618320595960448e+00,1.000000000000000000e+00
3.083924862470537320e-01,-4.402529479521060107e-01,1.000000000000000000e+00
3.154307729876349775e+00,-3.390104524699950161e+00,1.000000000000000000e+00
4.038785563948992241e+00,-1.290894484240970863e+00,1.000000000000000000e+00
1.273696736043992583e+00,-1.195393960806767630e-01,1.000000000000000000e+00
4.090374406581744893e+00,-2.870328302296721645e+00,1.000000000000000000e+00
2.261146703364229626e+00,-3.724026181521198353e+00,1.000000000000000000e+00
1.172553129636807467e+00,3.361938747343449219e-01,1.000000000000000000e+00
1.457895350259274192e+00,-4.665681952208888816e-02,1.000000000000000000e+00
8.807357532786876941e-01,-6.164360625221332324e-01,1.000000000000000000e+00
3.778724529672750521e+00,-2.675922941895282570e+00,1.000000000000000000e+00
2.620880763801996860e+00,-3.019974583330471418e+00,1.000000000000000000e+00
2.721335252498423340e+00,-2.171960654813096525e+00,1.000000000000000000e+00
1.686841605340634986e+00,-2.712202633557743603e+00,1.000000000000000000e+00
1.430330944219028400e+00,-3.546231849055659247e+00,1.000000000000000000e+00
4.942560192727414314e-01,-1.417668481025391225e+00,1.000000000000000000e+00
3.434511660164874414e+00,-3.086796573776410035e+00,1.000000000000000000e+00
4.038487318827871597e+00,-1.828243155491408034e+00,1.000000000000000000e+00
3.777947602674759153e+00,-3.251617278951361545e+00,1.000000000000000000e+00
1.489764762943273091e+00,-2.158268779597365850e+00,1.000000000000000000e+00
1.554530711004264987e+00,-8.592610498933216379e-01,1.000000000000000000e+00
1.952309619007619901e+00,-1.204569671053912217e-02,1.000000000000000000e+00
8.137705119169769130e-01,2.239225913876178087e+00,1.000000000000000000e+00
2.458586113918039828e+00,-2.174496967386930546e+00,1.000000000000000000e+00
1.491654179720408369e+00,3.759679742266774927e-01,1.000000000000000000e+00
4.684956325265610122e-01,-1.403608659769893796e+00,1.000000000000000000e+00
1.760013916271100598e+00,-1.924886242608597531e+00,1.000000000000000000e+00
1.862188627283514419e+00,-1.172617152515227579e+00,1.000000000000000000e+00
1.468249811264195293e+00,-6.273981587981225516e-02,1.000000000000000000e+00
1.078554257102785074e+00,-6.267376491481619905e-01,1.000000000000000000e+00
2.956857550458611428e+00,-3.084826089929741499e+00,1.000000000000000000e+00
2.495598859522704771e+00,-1.363934461222613415e+00,1.000000000000000000e+00
-2.058307142473503326e-01,1.697857203579552277e+00,1.000000000000000000e+00
3.011716991460474002e+00,-3.069773840051177594e+00,1.000000000000000000e+00
3.038650854656532729e+00,-1.954918540649190684e+00,1.000000000000000000e+00
3.906050970412013434e+00,-3.708137702141811598e+00,1.000000000000000000e+00
2.213249252393496125e+00,-1.187118010285038938e+00,1.000000000000000000e+00
2.702192135857332200e+00,-2.501441694679972017e+00,1.000000000000000000e+00
3.411553708459432510e+00,-3.814712187110750996e+00,1.000000000000000000e+00
3.079418100803612557e+00,-2.101004778228734438e+00,1.000000000000000000e+00
3.974690167011031505e+00,-2.801984651080784872e+00,1.000000000000000000e+00
-7.416049447194490440e-01,-3.997418825146055177e-01,1.000000000000000000e+00
2.222263534023138476e+00,-5.805543394124974554e-01,1.000000000000000000e+00
2.638834559539065872e+00,-2.637581360695191890e+00,1.000000000000000000e+00
2.168397471956099665e+00,-1.863884691920470793e+00,1.000000000000000000e+00
1.438685897055869578e+00,-2.795932504230655979e+00,1.000000000000000000e+00
1.717992746314885188e+00,6.607075960812931470e-01,1.000000000000000000e+00
2.114548530527112113e+00,-3.417054108694155268e+00,1.000000000000000000e+00
1.287907317794614759e+00,-1.061615916594632170e+00,1.000000000000000000e+00
1.861762383833270196e+00,-1.479760631280505168e+00,1.000000000000000000e+00
1.951991384449142553e+00,-1.907493552083976418e-01,1.000000000000000000e+00
2.076469501272172558e+00,-3.250071434149898408e+00,1.000000000000000000e+00
4.314914156388618416e+00,-3.499088244419945148e+00,1.000000000000000000e+00
3.152420435723011227e+00,-3.483548594566548307e+00,1.000000000000000000e+00
2.824458217296609952e+00,-2.408674576775788445e+00,1.000000000000000000e+00
4.410190493143886670e+00,-4.214314016567250576e+00,1.000000000000000000e+00
1.726856028223049400e+00,-7.302868876096829664e-01,1.000000000000000000e+00
2.620672178930948615e+00,-1.924830438543866151e+00,1.000000000000000000e+00
-4.403566308886830427e-02,-2.319278489614741812e+00,1.000000000000000000e+00
4.045311710945254102e-01,1.475124999126443015e+00,1.000000000000000000e+00
2.658962013865598273e+00,-2.655971366268082612e+00,1.000000000000000000e+00
1.622833527758575478e+00,-8.743635766889947813e-01,1.000000000000000000e+00
5.758665866158037439e+00,-3.425701930190180988e+00,1.000000000000000000e+00
3.021588869666341104e+00,-1.182410805175938329e+00,1.000000000000000000e+00
3.983537344676098879e+00,-1.763271796154589399e+00,1.000000000000000000e+00
2.325783884462512052e+00,-8.150470439967866243e-01,1.000000000000000000e+00
4.142789394410068660e+00,-2.430816529780982282e+00,1.000000000000000000e+00
2.357773818497974183e+00,1.059085948137903355e-01,1.000000000000000000e+00
2.573161357351112066e+00,-2.665420938664228245e+00,1.000000000000000000e+00
-9.304740616575175594e-01,1.260455505450708280e+00,1.000000000000000000e+00
3.126275795955475889e+00,-1.161395434368876156e+00,1.000000000000000000e+00
2.509165828445096391e+00,-1.098711469581905575e+00,1.000000000000000000e+00
2.896285455680541965e+00,-1.917687740261372120e+00,1.000000000000000000e+00
4.718088273025270674e+00,-2.585837494372206891e+00,1.000000000000000000e+00
1.898311166722386645e+00,-2.031157820540206327e+00,1.000000000000000000e+00
1.209916016435173880e+00,-7.962029729812033496e-01,1.000000000000000000e+00
2.748205889944125957e+00,-4.106217951690267043e+00,1.000000000000000000e+00
1.381162670956670224e+00,-6.084823972198508679e-01,1.000000000000000000e+00
3.084528928234234524e+00,-1.187309705809337368e+00,1.000000000000000000e+00
2.937489932657521230e+00,-3.504752780100968579e+00,1.000000000000000000e+00
2.697340968166727748e+00,-2.032607535456319336e+00,1.000000000000000000e+00
2.079177286070611697e+00,-1.728229230239872738e+00,1.000000000000000000e+00
2.219359818854635957e+00,-1.667688142462227407e+00,1.000000000000000000e+00
2.449611063452240778e+00,-2.960430400925230465e+00,1.000000000000000000e+00
1.340447996334816816e+00,-1.570996276048208795e+00,1.000000000000000000e+00
3.248346949299982800e+00,-3.342454265237380540e+00,1.000000000000000000e+00
3.894491627227232300e+00,-6.408231588632253839e-01,1.000000000000000000e+00
3.602342028238338045e+00,-2.073681828759397217e+00,1.000000000000000000e+00
6.394250205046447810e-01,-1.038956109763410574e+00,1.000000000000000000e+00
6.150732133567429205e-01,-9.990248968939671181e-01,1.000000000000000000e+00
5.456860631883932555e+00,-5.046853306747943080e+00,1.000000000000000000e+00
4.392768520485165418e+00,-3.826056431618151343e+00,1.000000000000000000e+00
4.056945168603146357e+00,-1.691035448229055049e+00,1.000000000000000000e+00
7.871072599505370970e-01,-2.150265399720461268e-01,1.000000000000000000e+00
2.148949925858846477e+00,-3.112427176995864464e+00,1.000000000000000000e+00
2.507622352951694999e+00,-2.297726143848737301e+00,1.000000000000000000e+00
2.717359681733680699e+00,-1.972892325851463013e+00,1.000000000000000000e+00
1.842572553367994415e+00,-5.231081153039822684e-01,1.000000000000000000e+00
2.081251191476478191e+00,-3.332252317877024694e+00,1.000000000000000000e+00
3.151945530549029595e-01,9.382899072433881216e-02,1.000000000000000000e+00
2.572182859358261631e+00,-2.719976136403644773e+00,1.000000000000000000e+00
3.867408773689703594e+00,-4.408961398296009193e+00,1.000000000000000000e+00
3.148137953402066813e+00,-1.909557381976393575e+00,1.000000000000000000e+00
1.484867566646813408e+00,-5.212718048234918911e-01,1.000000000000000000e+00
1.460338189234681172e+00,-2.040876616565245882e-02,1.000000000000000000e+00
2.348973090989129542e+00,-1.469535520430140796e+00,1.000000000000000000e+00
2.165261666369184823e+00,-1.994685101112378955e+00,1.000000000000000000e+00
1.759407647030067245e+00,-2.466636878647541220e+00,1.000000000000000000e+00
1.266138103341642118e+00,-1.612846101468089710e+00,1.000000000000000000e+00
1.164097416592768663e+00,-4.404061624160513500e-01,1.000000000000000000e+00
2.501164766331954503e+00,-1.211892580559595922e+00,1.000000000000000000e+00
4.959393387255912611e-01,-1.376208053709427448e+00,1.000000000000000000e+00
3.030927904663486938e+00,-1.389792140380104124e+00,1.000000000000000000e+00
4.288956174939967170e+00,-3.774425408671849169e+00,1.000000000000000000e+00
3.943801653607655666e+00,-5.269718510480188911e+00,1.000000000000000000e+00
1.081777773006966203e+00,-2.287117858295729000e+00,1.000000000000000000e+00
2.294037832666865118e+00,-3.666969253679927654e+00,1.000000000000000000e+00
5.815860738813805053e-01,9.217843310267359591e-01,1.000000000000000000e+00
1.473698990572747114e+00,-8.212377101000317703e-01,1.000000000000000000e+00
1.525538322365452393e+00,-2.830398497249824175e+00,1.000000000000000000e+00
2.028919532725254271e+00,-2.320665047956528948e+00,1.000000000000000000e+00
2.072025247096929146e+00,2.681521721693380655e-01,1.000000000000000000e+00
1.232683105956822178e+00,1.000171631039777242e+00,1.000000000000000000e+00
2.119424671075200273e+00,-2.935959645585735078e+00,1.000000000000000000e+00
1.646888141863067423e+00,-2.496145987614526440e-01,1.000000000000000000e+00
4.342707741823007339e+00,-3.891253698004702333e+00,1.000000000000000000e+00
1.398126060752703292e+00,-3.273983682943855111e-01,1.000000000000000000e+00
1.884636187796596696e+00,-2.190036749147475259e+00,1.000000000000000000e+00
4.296208264009245603e+00,-3.209598639464405601e+00,1.000000000000000000e+00
2.398634450245355598e+00,-2.085310625788220573e+00,1.000000000000000000e+00
8.378042232008788837e-01,1.299622559189773430e+00,1.000000000000000000e+00
1.925343137738419141e+00,-9.237019635907953719e-01,1.000000000000000000e+00
1.752783891376481495e+00,1.504098839192136605e+00,1.000000000000000000e+00
1.624025989620326849e+00,9.559194629222877992e-02,1.000000000000000000e+00
4.535290393666860709e+00,-4.473764074022854587e+00,1.000000000000000000e+00
2.426107658905537257e+00,-1.666880660211644827e+00,1.000000000000000000e+00
-6.007148668317179308e-01,-1.521728627201739625e+00,1.000000000000000000e+00
3.010307134517709038e+00,-2.211003984186938887e+00,1.000000000000000000e+00
1.778950938020105177e+00,-2.894960293128530537e+00,1.000000000000000000e+00
1.485239438468143991e+00,-1.418158311254815729e-01,1.000000000000000000e+00
3.467525060065492326e+00,-2.765957903303426946e+00,1.000000000000000000e+00
1.354924523811950277e+00,-3.436758784310209869e-01,1.000000000000000000e+00
1.425833089321066893e+00,-3.379150265746826420e-01,1.000000000000000000e+00
1.874108560875125118e+00,-2.665230985568012301e+00,1.000000000000000000e+00
2.445887682656441964e+00,-1.553992201401196427e+00,1.000000000000000000e+00
1.217116832173815499e+00,-3.250859570610546978e-01,1.000000000000000000e+00
1.096885482121165545e+00,-1.344615168443927589e+00,1.000000000000000000e+00
2.984143192558773361e+00,-2.704763876558406555e+00,1.000000000000000000e+00
3.892663675549036029e+00,-2.636884910381625424e+00,1.000000000000000000e+00
1.918350303369753096e+00,-7.236069508580225129e-01,1.000000000000000000e+00
3.209536893296529136e+00,-4.373619578512144557e-02,1.000000000000000000e+00
1.259081026412248505e+00,-3.284416175745003663e+00,1.000000000000000000e+00
1.979575054251271782e+00,-1.264988428541703236e+00,1.000000000000000000e+00
2.124334421115397831e+00,-2.751892073278635831e+00,1.000000000000000000e+00
2.812982659538928232e+00,-2.067750863621100610e+00,1.000000000000000000e+00
4.365202091653853422e+00,-1.059820583645036285e+00,1.000000000000000000e+00
2.719049495433547126e+00,-3.296635222792637876e+00,1.000000000000000000e+00
4.826651705251189028e+00,-4.689474038864046790e+00,1.000000000000000000e+00
4.010856331338267466e+00,-4.688213381411379999e+00,1.000000000000000000e+00
2.046168094942574900e+00,-2.271939777706976749e+00,1.000000000000000000e+00
1.037459618832488939e+00,1.461148548189524998e+00,1.000000000000000000e+00
2.350763519611525076e-01,-6.645063768314840580e-02,1.000000000000000000e+00
1.354909553426108637e+00,3.390537066295031821e-01,1.000000000000000000e+00
2.089744234995603911e+00,8.887014560105344074e-02,1.000000000000000000e+00
2.909412598325209931e+00,-3.040605677142232288e+00,1.000000000000000000e+00
-4.592198751603624451e-01,-1.595859694080854263e+00,1.000000000000000000e+00
9.837328881128646341e-01,9.197861336856063552e-01,1.000000000000000000e+00
2.420546584589533534e+00,-1.483299031092521370e+00,1.000000000000000000e+00
3.087774709566915909e+00,-3.177995978449262626e+00,1.000000000000000000e+00
1.918670546961063428e+00,6.935654372904154208e-01,1.000000000000000000e+00
-6.915906666800970548e-01,2.309782961184957628e+00,1.000000000000000000e+00
2.583468095176766788e+00,-2.725539248948746440e+00,1.000000000000000000e+00
3.256168572622203605e+00,-3.026850172113101589e+00,1.000000000000000000e+00
1.795368922385475852e+00,-9.934682928717122330e-01,1.000000000000000000e+00
9.033323794292731357e-01,-6.705483762834596462e-02,1.000000000000000000e+00
2.207985972271329977e+00,-2.311740937970045540e+00,1.000000000000000000e+00
2.918465902930431177e+00,-4.643683142971444688e+00,1.000000000000000000e+00
4.345278686423728942e+00,-2.578655748471159637e+00,1.000000000000000000e+00
2.187923586216015792e+00,4.370060300200684367e-01,1.000000000000000000e+00
2.332222090749693333e+00,-4.409704585208952921e+00,1.000000000000000000e+00
3.044216941895747652e+00,-2.387695253135951212e+00,1.000000000000000000e+00
2.392127662179919234e+00,-2.936920303322405612e-01,1.000000000000000000e+00
3.082407686142741632e+00,-2.593527397543375912e-01,1.000000000000000000e+00
1.854423418657740186e+00,-2.295919537428058099e+00,1.000000000000000000e+00
3.421797960449369125e+00,-4.379005656761679077e+00,1.000000000000000000e+00
1.376366294334947948e+00,-1.616447755290735255e+00,1.000000000000000000e+00
2.168665611926982706e+00,5.149955762853757335e-01,1.000000000000000000e+00
5.320358123265940264e+00,-4.503939736528026039e+00,1.000000000000000000e+00
4.874337166047734371e+00,-4.545158461439699593e+00,1.000000000000000000e+00
9.656362263416993219e-01,2.648990597781362144e-01,1.000000000000000000e+00
3.196715188468620905e+00,-3.652740220465747090e+00,1.000000000000000000e+00
2.382230143328486704e+00,-1.991894155319144044e+00,1.000000000000000000e+00
2.367895503556390224e+00,-1.871860927254598073e+00,1.000000000000000000e+00
1.193999440714803129e+00,-1.815177916566748539e+00,1.000000000000000000e+00
3.492845821152417152e+00,-1.125832283645479936e+00,1.000000000000000000e+00
2.338990399553200206e+00,-2.297446998046952515e+00,1.000000000000000000e+00
-6.243606125670946305e-01,-1.238682344000825442e+00,1.000000000000000000e+00
5.482802649713025556e-01,-1.408751048319365484e-01,1.000000000000000000e+00
2.114956604678956520e+00,-1.243398798660075855e+00,1.000000000000000000e+00
1.044783059371928946e+00,-3.045130568503380264e-01,1.000000000000000000e+00
3.809906994915112755e+00,-1.860658664246346516e+00,1.000000000000000000e+00
4.753204696951872421e+00,-4.911882283375271996e+00,1.000000000000000000e+00
3.152086948620793194e+00,-3.837534910108310715e+00,1.000000000000000000e+00
5.643388329340970344e-02,1.340434522436592335e+00,1.000000000000000000e+00
8.323224559714537119e-01,-2.123943718874155007e+00,1.000000000000000000e+00
3.131389752690767914e+00,-2.476563024183853656e+00,1.000000000000000000e+00
2.258372435486284857e+00,-7.128231023009691247e-01,1.000000000000000000e+00
2.566698753368546360e+00,-1.254246559395328253e+00,1.000000000000000000e+00
5.251078737990499956e-01,-1.776100638967956558e+00,1.000000000000000000e+00
2.696806732378955740e+00,-1.094792801124283343e+00,1.000000000000000000e+00
1.355732144859054911e+00,-8.583570869583411200e-01,1.000000000000000000e+00
2.337947206452010818e+00,-3.234418473529744098e+00,1.000000000000000000e+00
3.118532799330765659e+00,-1.156241888258542128e+00,1.000000000000000000e+00
3.862010279396558055e+00,-4.654768398752698211e+00,1.000000000000000000e+00
3.959770405118568259e+00,-2.776606204145236401e+00,1.000000000000000000e+00
2.501606488159707542e+00,-2.554336648264705190e+00,1.000000000000000000e+00
2.752313126403655552e+00,-1.618448586754942076e+00,1.000000000000000000e+00
6.156937201638743584e-01,-3.590778869961070541e+00,1.000000000000000000e+00
1.939498009369450049e+00,-5.296351453181161739e-01,1.000000000000000000e+00
1.737411692202058155e+00,-2.375752079368749214e+00,1.000000000000000000e+00
2.103410193717176302e+00,-8.341952511563268668e-01,1.000000000000000000e+00
2.580917468311878515e+00,-2.308187524389736289e+00,1.000000000000000000e+00
3.095669525503751629e+00,-2.950256731722130432e+00,1.000000000000000000e+00
4.151879231526010017e+00,-3.547521293122231523e+00,1.000000000000000000e+00
3.388045143414557536e+00,-2.765356205303329151e+00,1.000000000000000000e+00
3.327937537910725219e+00,-3.836383223106205609e+00,1.000000000000000000e+00
1.237725621636224016e+00,-2.503258047000617381e+00,1.000000000000000000e+00
1.850468950407492263e+00,-1.547734442427776358e+00,1.000000000000000000e+00
3.211172947441363945e+00,-4.670936447806468550e+00,1.000000000000000000e+00
2.177517099166539793e+00,-2.159284317431162670e-01,1.000000000000000000e+00
2.634830822338967593e+00,-1.516326610365767991e+00,1.000000000000000000e+00
2.206468026720712405e+00,-1.042392071887633165e+00,1.000000000000000000e+00
-1.452483571540454932e-01,-4.218103439553182454e-01,1.000000000000000000e+00
1.251570650733145218e+00,-7.429462839969351862e-01,1.000000000000000000e+00
2.262617718279678503e+00,-1.997325847734186199e+00,1.000000000000000000e+00
1.808318689073040053e+00,-2.669289705041661520e+00,1.000000000000000000e+00
3.142039598392862398e+00,-4.396714739630351865e-01,1.000000000000000000e+00
2.283994825445474053e+00,-1.607609080830529669e+00,1.000000000000000000e+00
2.878038724429026640e+00,-2.571334929018167959e+00,1.000000000000000000e+00
1.483062184880961976e+00,-1.039188535673881253e+00,1.000000000000000000e+00
2.976192199192887688e+00,-1.979393745908522906e+00,1.000000000000000000e+00
3.369582720016595090e+00,-2.720398764830947336e+00,1.000000000000000000e+00
2.257634663686683751e+00,3.219755278949594235e-01,1.000000000000000000e+00
3.231319375028996355e+00,-9.822743100668246408e-01,1.000000000000000000e+00
4.621863090730349288e-01,-5.314646315094877504e-01,1.000000000000000000e+00
3.317657695237349991e+00,-3.425857345213092486e+00,1.000000000000000000e+00
1.082773706497341948e+00,-8.409024995745451037e-02,1.000000000000000000e+00
3.896892493248055089e+00,-1.624190029964009740e+00,1.000000000000000000e+00
3.759872219495372647e-01,-2.257635798226214963e+00,1.000000000000000000e+00
2.233919766686597974e+00,-8.145407021956049265e-01,1.000000000000000000e+00
2.284496067721673462e+00,-9.806865501414105957e-01,1.000000000000000000e+00
1.419528257970582796e+00,-2.272531105220086722e+00,1.000000000000000000e+00
1.990286743370583089e+00,-2.524660471463421096e+00,1.000000000000000000e+00
2.376823455823998454e+00,-3.488313808559256657e+00,1.000000000000000000e+00
1.809100718437974153e+00,-8.281714298149748243e-01,1.000000000000000000e+00
2.269810612194660848e+00,-2.489933884925536134e+00,1.000000000000000000e+00
2.968205716435512453e+00,-1.028204933938115184e+00,1.000000000000000000e+00
4.607602233137307657e+00,-4.219208767915825220e+00,1.000000000000000000e+00
1.551644298587552040e+00,-3.238669338874434089e+00,1.000000000000000000e+00
3.687251387166916139e+00,-4.770610633022689839e+00,1.000000000000000000e+00
2.253289444833916022e+00,-1.017358721289442158e+00,1.000000000000000000e+00
3.900594985601172127e+00,-2.373830334411144438e+00,1.000000000000000000e+00
9.753250019248782543e-01,7.126471938563225805e-01,1.000000000000000000e+00
3.602382198296395721e+00,-1.821695143024650854e+00,1.000000000000000000e+00
1.998959171706306215e+00,-1.396113609357740870e-02,1.000000000000000000e+00
1.037342647789940564e+00,-3.865807956722378869e+00,1.000000000000000000e+00
-1.097988140066738172e+00,7.202708218418094610e-01,1.000000000000000000e+00
3.847365928537223034e+00,-4.046349904068387016e-01,1.000000000000000000e+00
2.505237360539421143e+00,-5.837929623627748921e-01,1.000000000000000000e+00
2.640285468592875162e+00,-4.560047647151453276e+00,1.000000000000000000e+00
3.517547789282351900e+00,-1.753975774679935151e+00,1.000000000000000000e+00
2.064736934859423112e+00,-2.415146392072037074e+00,1.000000000000000000e+00
2.734565461925436480e+00,-7.088777803179625581e-01,1.000000000000000000e+00
2.956531723131363254e+00,-4.198091060626859772e+00,1.000000000000000000e+00
3.792372956756014268e+00,-2.119697262509615765e+00,1.000000000000000000e+00
3.394166488299637408e+00,-1.384810335203849885e-01,1.000000000000000000e+00
1.205889695532860184e+00,-1.986055483495514640e-01,1.000000000000000000e+00
1.020445518987308509e+00,3.949006282822593583e-01,1.000000000000000000e+00
3.427391038666022460e+00,-2.203725706145466479e+00,1.000000000000000000e+00
2.772580368412715046e+00,-2.669503531133832652e+00,1.000000000000000000e+00
7.456369424195137263e-01,3.308494902869199006e-01,1.000000000000000000e+00
2.770447872580430460e+00,-2.908622652709056400e+00,1.000000000000000000e+00
7.708198648576545242e-01,-3.309831078985558950e-01,1.000000000000000000e+00
2.297138123093557471e+00,-2.333387864304590664e+00,1.000000000000000000e+00
1.773099281244674863e+00,-1.452075991512464581e+00,1.000000000000000000e+00
3.338560944789337182e+00,-4.264109087250304242e+00,1.000000000000000000e+00
4.044584057976559066e+00,-2.253434316697308315e+00,1.000000000000000000e+00
1.751633837997550236e+00,-6.972852124341910596e-02,1.000000000000000000e+00
2.219883693573609040e+00,-2.654093640852626557e+00,1.000000000000000000e+00
2.065090771757247090e+00,-2.773520634804652829e+00,1.000000000000000000e+00
-1.924727520287183857e+00,9.540390107412379805e-01,1.000000000000000000e+00
7.706336243509908090e-01,-1.349159850962113660e+00,1.000000000000000000e+00
1.678791186743074260e+00,-2.162978811064611762e+00,1.000000000000000000e+00
2.719035594334242578e+00,-3.779498119079586438e+00,1.000000000000000000e+00
2.701797531299585664e-01,9.288072602216295159e-01,1.000000000000000000e+00
3.409403010448989857e+00,-2.352213451095391150e+00,1.000000000000000000e+00
2.693306617447730922e+00,-1.156664520957244147e+00,1.000000000000000000e+00
4.367449141518224387e+00,-3.996841503407337903e+00,1.000000000000000000e+00
2.978013205190561674e-01,-1.235207818728139895e+00,1.000000000000000000e+00
2.877140462533870569e+00,-4.683050985814385392e-02,1.000000000000000000e+00
2.787567383545884958e+00,-1.142920508486870101e+00,1.000000000000000000e+00
1.041255156677688420e+00,-9.117852499163192626e-01,1.000000000000000000e+00
1.140267846747928804e+00,-2.241278914401745759e+00,1.000000000000000000e+00
2.881991014767371073e+00,-2.043588417775421107e+00,1.000000000000000000e+00
1.472525112464721841e+00,-4.756083509992434788e-01,1.000000000000000000e+00
7.256077380341239280e-01,-1.035636272622080245e+00,1.000000000000000000e+00
2.346205278463713295e+00,-1.662869962933690493e+00,1.000000000000000000e+00
1.155461375432311755e-01,1.024687740040873152e+00,1.000000000000000000e+00
2.770159993552925304e+00,-2.232507860266210731e+00,1.000000000000000000e+00
3.331010003747822523e+00,-2.751427615460392495e+00,1.000000000000000000e+00
1.421556104330131909e+00,-2.933246795185076916e+00,1.000000000000000000e+00
2.076237924836365156e+00,-1.766910572106174193e+00,1.000000000000000000e+00
3.916738289636892745e+00,-3.903986842777847688e+00,1.000000000000000000e+00
9.880508265992618000e-01,8.696731809331637031e-01,1.000000000000000000e+00
6.817789841832473385e-01,-1.308393304574021920e+00,1.000000000000000000e+00
1.816777223730532853e+00,-7.682043518546010086e-01,1.000000000000000000e+00
1.943749733801174662e+00,-5.582136215698431103e-01,1.000000000000000000e+00
3.643886924798189320e+00,-3.499718558366224030e+00,1.000000000000000000e+00
2.997937159771665971e+00,-2.639490615757922765e+00,1.000000000000000000e+00
4.052958325997519928e+00,-2.168535246509033509e+00,1.000000000000000000e+00
2.540649232738907859e+00,-3.202949694414171322e+00,1.000000000000000000e+00
1.429203307822644486e+00,-1.949886763343569918e+00,1.000000000000000000e+00
2.124628541420514161e+00,-2.545176993707153557e+00,1.000000000000000000e+00
1.247198743134755095e+00,8.877044369647659749e-01,1.000000000000000000e+00
2.026028437621425038e+00,-1.801606878840063208e+00,1.000000000000000000e+00
1.494101463602417468e+00,2.476177164573267753e-02,1.000000000000000000e+00
1.678074658626210969e+00,-8.238710039806688146e-01,1.000000000000000000e+00
3.945929478341953622e+00,-4.006476409495670410e+00,1.000000000000000000e+00
3.220763578568574648e+00,-1.973272829710507548e+00,1.000000000000000000e+00
7.112620639189333183e-01,-3.972092133976001804e-01,1.000000000000000000e+00
2.882081095984522889e+00,1.727487837962060624e-03,1.000000000000000000e+00
4.054496209706597298e+00,-1.656604207636962256e+00,1.000000000000000000e+00
3.147275168798618239e+00,-2.739536910754103438e+00,1.000000000000000000e+00
2.244720423517510000e+00,-1.536646736237103461e+00,1.000000000000000000e+00
2.722779088910076695e+00,-3.020726022859333781e+00,1.000000000000000000e+00
3.152936598725029071e+00,-2.324231223242538391e+00,1.000000000000000000e+00
3.355307310829322986e+00,4.448430141660764114e-02,1.000000000000000000e+00
4.278337835068766193e-01,1.915987571683572810e-01,1.000000000000000000e+00
2.543160210415347677e+00,-5.684026962241907066e-01,1.000000000000000000e+00
2.146329640337252265e+00,-1.516665633612142461e+00,1.000000000000000000e+00
2.747433357461909864e+00,-1.024903718974569111e+00,1.000000000000000000e+00
2.910766521512006655e+00,-2.905187510417970742e+00,1.000000000000000000e+00
1.932109293471723221e+00,-6.971779680388292544e-01,1.000000000000000000e+00
1.724342930532730467e+00,-1.364406919354532288e+00,1.000000000000000000e+00
2.610698254432244347e+00,9.219223500825735051e-01,1.000000000000000000e+00
1.664428009795563046e+00,-1.037763215789210491e+00,1.000000000000000000e+00
1.062703926007358968e+00,-7.064973241102698864e-01,1.000000000000000000e+00
3.044392166790143239e+00,-2.586898166261706322e+00,1.000000000000000000e+00
4.204375186587379964e+00,-5.804478214299125582e+00,1.000000000000000000e+00
1.694773396348189909e+00,-2.692914706579444317e+00,1.000000000000000000e+00
3.032896049211637468e+00,-3.224655732610406389e+00,1.000000000000000000e+00
3.702426849822741950e+00,-4.086129536205032942e+00,1.000000000000000000e+00
2.811415538041149187e+00,-2.282580309357015835e+00,1.000000000000000000e+00
1.112443584426068721e+00,2.164144896262396589e-01,1.000000000000000000e+00
2.268989606044035323e+00,-1.447050303563475859e+00,1.000000000000000000e+00
1.306846186203849181e+00,-1.700674415524048744e+00,1.000000000000000000e+00
2.552724513962163488e+00,-1.539024883523765430e+00,1.000000000000000000e+00
4.259102833006595645e+00,-3.068563788688325467e+00,1.000000000000000000e+00
6.549909607646069443e-01,-2.842459632868004071e-01,1.000000000000000000e+00
1.897560778373476698e+00,-2.305633481898876624e+00,1.000000000000000000e+00
7.752564934504164729e-01,-1.044689617105416080e+00,1.000000000000000000e+00
1.890323287999796209e+00,-2.269049328786314490e+00,1.000000000000000000e+00
9.771709742523284614e-01,-2.337173685464550399e+00,1.000000000000000000e+00
1.725996765996824500e-01,-9.642579846826460077e-02,1.000000000000000000e+00
2.020103702916173471e+00,-1.544993744173781325e+00,1.000000000000000000e+00
2.445061323517478513e+00,-3.058335668172324162e+00,1.000000000000000000e+00
8.795389788414484933e-01,-4.403750983645147166e-01,1.000000000000000000e+00
1.403504285298001975e+00,-1.531744112098408106e+00,1.000000000000000000e+00
3.227762097916954787e+00,-2.223147159960246366e+00,1.000000000000000000e+00
1.119009789231194985e+00,-2.763665257471783487e-01,1.000000000000000000e+00
5.066930856661199023e+00,-2.584134333258313099e+00,1.000000000000000000e+00
2.110466486361962879e+00,-3.516113978223792458e+00,1.000000000000000000e+00
-8.029682342617219248e-01,2.000920429594981620e+00,1.000000000000000000e+00
3.325117544637540945e+00,-3.962495078684080241e+00,1.000000000000000000e+00
1.960936348856512357e+00,-9.046394452162668243e-01,1.000000000000000000e+00
4.343897494654119562e+00,-1.851525984550122406e+00,1.000000000000000000e+00
1.991679480392346102e+00,-2.859154082651850892e+00,1.000000000000000000e+00
2.087789088883346356e+00,5.083693336889631986e-01,1.000000000000000000e+00
2.162241025547940509e+00,-3.390919455108421410e+00,1.000000000000000000e+00
-2.329816569101081924e-01,-1.055072882790880406e+00,1.000000000000000000e+00
4.173533478702760036e+00,-2.811386319926079125e+00,1.000000000000000000e+00
2.108466729078727120e+00,-1.735853013796785804e+00,1.000000000000000000e+00
1.748317084296100443e+00,-1.094838773867594206e+00,1.000000000000000000e+00
4.455536390991287732e+00,-2.762823430163063421e+00,1.000000000000000000e+00
9.525975574179930128e-01,4.779479937952362256e-01,1.000000000000000000e+00
3.733960121793895581e+00,-3.086985114670939279e-01,1.000000000000000000e+00
2.346501967530755905e+00,-2.051236044453726759e+00,1.000000000000000000e+00
2.816558116732125416e+00,-2.778595899451956619e-01,1.000000000000000000e+00
3.591451761031634327e-01,6.339438858070995941e-01,1.000000000000000000e+00
9.803296881730985124e-01,-1.762466744373977878e+00,1.000000000000000000e+00
1.997907434099650104e+00,-2.388415247273435682e+00,1.000000000000000000e+00
4.414942775190238144e+00,-2.143841427621568485e+00,1.000000000000000000e+00
2.714143962928026177e+00,-2.926176742158962174e+00,1.000000000000000000e+00
2.699661786559082621e+00,-3.613808079051266109e-01,1.000000000000000000e+00
3.549546261808538716e+00,5.242987424721006207e-01,1.000000000000000000e+00
2.476775286228988460e+00,-1.506072991373011982e+00,1.000000000000000000e+00
2.886953474846118972e+00,-4.233885231243537106e-01,1.000000000000000000e+00
1.608394686572824916e+00,-8.550399271547315383e-01,1.000000000000000000e+00
3.395582323514743095e+00,-2.766713524091692022e+00,1.000000000000000000e+00
4.617283218280807677e-01,2.842046778673263940e-01,1.000000000000000000e+00
1.826430353122697747e+00,-6.453152999541454937e-01,1.000000000000000000e+00
7.713333023449451264e-01,-6.825737812052998787e-01,1.000000000000000000e+00
-1.121736363404819414e+00,1.213850517978387167e+00,1.000000000000000000e+00
3.238194993414474254e+00,-1.589117769766458022e+00,1.000000000000000000e+00
2.461878449057369966e+00,-6.911635610310068456e-01,1.000000000000000000e+00
2.703079665750267147e+00,-2.275700260873990466e+00,1.000000000000000000e+00
3.256365267899387295e+00,-7.355295066738383181e-01,1.000000000000000000e+00
2.020989528212444153e+00,-1.421236904689417990e-01,1.000000000000000000e+00
3.569642907560645284e+00,-1.993876929962353550e+00,1.000000000000000000e+00
2.909608273731360661e+00,-5.178473115205461941e-01,1.000000000000000000e+00
-1.209916646951714192e-01,1.215284367193901538e+00,1.000000000000000000e+00
2.082424714077249828e+00,-2.535598898676099111e+00,1.000000000000000000e+00
2.123728210441853115e+00,-1.920755372348941892e+00,1.000000000000000000e+00
1.746665369042453619e+00,-1.081189226904230249e+00,1.000000000000000000e+00
3.318158080112175945e+00,-1.521116401341833013e+00,1.000000000000000000e+00
3.510897446890997919e+00,-2.659954433211761504e+00,1.000000000000000000e+00
3.138944702627092020e+00,-1.752435931153813131e+00,1.000000000000000000e+00
5.502187013817168015e-01,3.139655039435365058e-01,1.000000000000000000e+00
1.875112505028978527e+00,-8.047661571699770144e-01,1.000000000000000000e+00
3.235671254502803240e+00,-2.555851531479485850e+00,1.000000000000000000e+00
2.192433312647156018e+00,-9.076187016884901260e-01,1.000000000000000000e+00
2.498899855277363802e+00,-1.764848680102993450e+00,1.000000000000000000e+00
3.207494116094956382e+00,-3.351036130219904763e+00,1.000000000000000000e+00
2.227748561975506636e+00,-2.880504554265137518e-01,1.000000000000000000e+00
2.744050649054200264e+00,-2.081268618041785867e+00,1.000000000000000000e+00
2.116726378620860771e+00,-1.099484408912742905e+00,1.000000000000000000e+00
4.403465409842666212e-01,-1.645410431411446828e+00,1.000000000000000000e+00
2.436723678253118308e+00,-1.479370380367464266e+00,1.000000000000000000e+00
4.402977157434197153e+00,-2.138243888969081130e+00,1.000000000000000000e+00
3.093649818241094529e+00,-5.239397027389209871e-01,1.000000000000000000e+00
2.462287425867424329e+00,-3.108755916426790389e+00,1.000000000000000000e+00
8.697358637777465873e-01,-2.031341301042983716e+00,1.000000000000000000e+00
2.061272699150452414e+00,-1.169653349054517566e+00,1.000000000000000000e+00
1.611447515156811727e+00,2.778848472210695419e-01,1.000000000000000000e+00
1.938974336459424963e+00,-2.666674539582762016e+00,1.000000000000000000e+00
-1.229982344510225367e-01,5.427406378752945848e-01,1.000000000000000000e+00
2.615356072335928594e+00,-3.562492969606569471e+00,1.000000000000000000e+00
6.916172757960585837e-01,-1.772226129287757246e-01,1.000000000000000000e+00
3.118447612216066034e+00,-2.540986479656241581e+00,1.000000000000000000e+00
1.994121261713730942e+00,-2.157644807180643998e+00,1.000000000000000000e+00
2.132137464960069728e+00,8.153537812429667575e-02,1.000000000000000000e+00
1.687558796421929852e+00,2.667567897634643970e-01,1.000000000000000000e+00
6.153486760851021309e-01,-1.823040937881646562e+00,1.000000000000000000e+00
6.507921258565718681e-01,1.019990366059899234e+00,1.000000000000000000e+00
2.320277130499563523e+00,-1.034614155579751671e-01,1.000000000000000000e+00
9.791425171631666924e-01,7.385332060668008403e-01,1.000000000000000000e+00
1.363268149961992082e+00,-1.195991617321059408e+00,1.000000000000000000e+00
1.621676993407254574e+00,-1.899641224863227951e+00,1.000000000000000000e+00
2.396351020008872901e+00,-3.000617309188585935e+00,1.000000000000000000e+00
3.089206592012213815e+00,-1.233487395438762846e+00,1.000000000000000000e+00
-1.021242100818622323e+00,3.121448753033612800e+00,1.000000000000000000e+00
4.501043314320774869e+00,-2.839709287778572566e+00,1.000000000000000000e+00
2.105561067724936120e+00,-2.283807249676448770e+00,1.000000000000000000e+00
1.176534624480387148e+00,-1.836184562646844487e+00,1.000000000000000000e+00
1.929806805132403102e+00,-1.250331134069120775e+00,1.000000000000000000e+00
2.374371676044770396e+00,-1.197075292693669413e+00,1.000000000000000000e+00
2.164303619137534440e+00,-1.421316989912836615e+00,1.000000000000000000e+00
2.199228097059143572e+00,-9.132749187759225951e-01,1.000000000000000000e+00
2.370774030363644869e+00,-3.712379885553627634e+00,1.000000000000000000e+00
1.337452619619400984e+00,-2.320771514517085077e+00,1.000000000000000000e+00
2.756746279507510611e+00,-9.380455032271889371e-01,1.000000000000000000e+00
8.820751537035218526e-01,-1.170781812154325863e+00,1.000000000000000000e+00
3.358609026908420780e+00,-2.600114568017112493e+00,1.000000000000000000e+00
2.441325362907075913e+00,-2.258699763872747290e+00,1.000000000000000000e+00
9.334400948471515136e-01,-1.155440589487690684e+00,1.000000000000000000e+00
2.119593715898326902e+00,-2.496803624968260582e+00,1.000000000000000000e+00
2.764368434727263235e+00,-3.446822186333338589e+00,1.000000000000000000e+00
1.539168506387321944e+00,-5.277513355493580471e-01,1.000000000000000000e+00
3.006490978768981304e+00,-2.902886771713696135e+00,1.000000000000000000e+00
3.480263730994658911e+00,-4.241395891303008980e+00,1.000000000000000000e+00
-1.210502689939443322e-01,1.516604688700165404e+00,1.000000000000000000e+00
1.403471237398096427e+00,-5.077104753673205018e-01,1.000000000000000000e+00
2.296234569503734502e+00,-6.994377147167081255e-01,1.000000000000000000e+00
3.379465475601008961e+00,-3.128077328086170006e+00,1.000000000000000000e+00
1.667162756211393315e-02,3.494163241607972648e-01,1.000000000000000000e+00
2.622929666357628253e+00,-2.491471933233489811e+00,1.000000000000000000e+00
2.288361504335763907e+00,-8.812747720646679772e-01,1.000000000000000000e+00
1.209594648975582887e+00,5.401567301185301595e-01,1.000000000000000000e+00
3.129042061979703693e+00,-9.950120649098468384e-01,1.000000000000000000e+00
4.811445086533838733e-01,-1.251961259938011661e+00,1.000000000000000000e+00
7.159275468703334422e-01,2.974324541538275302e+00,1.000000000000000000e+00
2.655577588438805758e+00,-1.581701696141473379e+00,1.000000000000000000e+00
7.020899948468799501e-01,2.909883758255726871e-01,1.000000000000000000e+00
2.183404813530555266e+00,6.692804498122062462e-02,1.000000000000000000e+00
2.903769688365179125e+00,-3.280651785990462699e+00,1.000000000000000000e+00
1.551853090259257995e+00,2.414160960772204767e-02,1.000000000000000000e+00
1.154486110444967739e+00,-2.648000579619007588e-01,1.000000000000000000e+00
1.202729788105838304e+00,-2.926165127273094857e+00,1.000000000000000000e+00
3.475381479832281073e+00,-3.149082411023820249e+00,1.000000000000000000e+00
1.701679882238761543e+00,-8.029330922520983016e-02,1.000000000000000000e+00
2.180776827131929885e+00,-1.844402145926424597e+00,1.000000000000000000e+00
2.046270268747397481e+00,-1.175839038555318794e+00,1.000000000000000000e+00
8.288248058930622886e-01,5.631596236066758188e-01,1.000000000000000000e+00
2.953881509107786574e+00,-4.280792148286001186e+00,1.000000000000000000e+00
-1.693596699187858157e-01,7.799261536702095654e-02,1.000000000000000000e+00
1.233549297609035866e+00,-5.605106987386775375e-01,1.000000000000000000e+00
2.316514850933832470e+00,-1.836213429274166753e+00,1.000000000000000000e+00
7.978754120438404929e-01,1.329197271082926957e-01,1.000000000000000000e+00
1.242080835239778303e+00,-2.328418172709273648e+00,1.000000000000000000e+00
2.358732721016228773e+00,-9.677849928718914585e-01,1.000000000000000000e+00
2.901004862005321705e+00,-4.940540650023119706e-01,1.000000000000000000e+00
2.365471352537066974e+00,-1.299750945862056417e+00,1.000000000000000000e+00
-5.594350234506078046e-01,7.767227706078472238e-02,1.000000000000000000e+00
3.658959077852920849e+00,-1.478295943593033401e+00,1.000000000000000000e+00
1.680961178499625230e+00,1.524836557269302340e-01,1.000000000000000000e+00
1.557258981971255007e+00,-1.692390565574308781e-01,1.000000000000000000e+00
7.412551453220668218e-01,1.003243279166547097e+00,1.000000000000000000e+00
2.075868660400479904e+00,-1.103467707387202346e+00,1.000000000000000000e+00
1.250230824645450323e+00,-1.819385355321070818e+00,1.000000000000000000e+00
1.318759489340862068e+00,-4.836784368002686740e-01,1.000000000000000000e+00
2.371480076409664406e-01,1.053187022784391580e+00,1.000000000000000000e+00
1.941624986814671328e+00,-8.002451876589288249e-01,1.000000000000000000e+00
3.550689172732171883e+00,-1.935928338231349466e+00,1.000000000000000000e+00
1.892179469667136793e-01,1.202604457417727701e+00,1.000000000000000000e+00
2.308564426579618800e+00,-2.132803592865987419e+00,1.000000000000000000e+00
4.119556658874290456e+00,-4.331863208230521955e+00,1.000000000000000000e+00
2.660080247594033498e+00,-6.461018915062156642e-01,1.000000000000000000e+00
9.270074263094458811e-01,-3.526321547104522836e-01,1.000000000000000000e+00
3.267463408804608171e+00,-1.370126319399832537e+00,1.000000000000000000e+00
2.070340456561829079e+00,-2.026747722454114164e+00,1.000000000000000000e+00
1.434569649098545341e+00,9.849708446320568633e-01,1.000000000000000000e+00
1.810138976194103133e+00,-1.791880542749770822e+00,1.000000000000000000e+00
4.757365722042503187e+00,-4.125352956904685620e+00,1.000000000000000000e+00
1.872595467091497934e+00,-3.780813513297719197e+00,1.000000000000000000e+00
9.707979558650723373e-01,1.069196247671654554e+00,1.000000000000000000e+00
2.628584933098462084e+00,-3.760590548974111602e+00,1.000000000000000000e+00
7.147007859515295269e-01,-7.079603218930627939e-01,1.000000000000000000e+00
1.256853595998308926e+00,6.390617461395295962e-01,1.000000000000000000e+00
1.923785996454563829e+00,-5.562039638166464961e-01,1.000000000000000000e+00
2.607471866647778302e+00,-8.174828736482089298e-01,1.000000000000000000e+00
2.765351492844522863e+00,-2.136137025694436975e+00,1.000000000000000000e+00
1.800072977732981361e+00,-1.689078320266996780e-01,1.000000000000000000e+00
3.163200403695429763e+00,-3.489192714318305910e+00,1.000000000000000000e+00
1.684855102625887557e+00,-1.364246926679734795e+00,1.000000000000000000e+00
7.614742578653155292e-02,8.288736736729194199e-01,1.000000000000000000e+00
2.909711730495263105e+00,-1.380180162885095596e+00,1.000000000000000000e+00
1.777007842368215407e+00,-1.123149078812188506e+00,1.000000000000000000e+00
3.230419934636179491e+00,-2.464272775252634329e+00,1.000000000000000000e+00
1.438847568328151638e+00,2.021809659476583310e-01,1.000000000000000000e+00
4.208487848199109926e+00,-1.788243037437239780e+00,1.000000000000000000e+00
2.710655886523142044e+00,-4.383805542480601503e+00,1.000000000000000000e+00
1.353867796156946079e+00,-3.540652747287409419e-02,1.000000000000000000e+00
2.078673181287612692e+00,-2.856822124452452094e+00,1.000000000000000000e+00
-1.652028842418511445e-01,1.864688892319679603e+00,1.000000000000000000e+00
1.868571420798863514e+00,-6.024175812042640299e-01,1.000000000000000000e+00
2.122137334891287530e+00,-6.356861758863378009e-01,1.000000000000000000e+00
1.196565564243275093e+00,-6.592239127478846106e-01,1.000000000000000000e+00
1.376948095611516099e+00,-2.803019240902051568e+00,1.000000000000000000e+00
3.235515919411715124e+00,-2.513451000104549582e+00,1.000000000000000000e+00
1.512352847326111860e+00,2.697926745347047905e-01,1.000000000000000000e+00
1.747069991455303395e+00,-2.638022462738253360e+00,1.000000000000000000e+00
5.945470296931939735e+00,-4.947864988536645470e+00,1.000000000000000000e+00
2.553498920797753424e+00,-2.593565432139424587e+00,1.000000000000000000e+00
1.150040599564797761e+00,-2.029876573997310807e+00,1.000000000000000000e+00
3.943617395865663511e+00,-1.031680637236435771e+00,1.000000000000000000e+00
1.926740283824265987e+00,-6.234217404153925557e-01,1.000000000000000000e+00
5.401161572293204038e+00,-2.693728438771553879e+00,1.000000000000000000e+00
5.017537671546529410e+00,-2.622656228538327028e+00,1.000000000000000000e+00
5.409828132637988674e+00,-3.871648027838596295e+00,1.000000000000000000e+00
-4.424390736266259339e-02,3.914586547079583756e-01,1.000000000000000000e+00
2.140056800944580395e+00,-6.496090277005819313e-01,1.000000000000000000e+00
2.126521709545420968e+00,-3.409144653171791273e+00,1.000000000000000000e+00
3.986675104441261830e+00,-3.152339223880980423e+00,1.000000000000000000e+00
1.940264676332643212e+00,-1.926596205289336172e+00,1.000000000000000000e+00
1.535051719656758129e+00,1.125730936803730486e-01,1.000000000000000000e+00
2.229441234913337233e+00,-3.203211034512980504e+00,1.000000000000000000e+00
1.310991522425463351e+00,-1.039636434271590248e+00,1.000000000000000000e+00
3.168547573792717564e+00,-6.071443471551418725e-01,1.000000000000000000e+00
1.117216542194297668e+00,-1.229680916806074276e+00,1.000000000000000000e+00
1.420466659706971946e+00,-1.764938854871096918e+00,1.000000000000000000e+00
1.407771741004943955e-01,5.072698587599528963e-01,1.000000000000000000e+00
2.209528824129168623e+00,-1.076980998920617605e+00,1.000000000000000000e+00
7.526549838804519332e-01,-2.262594559127345750e+00,1.000000000000000000e+00
3.462595760089360653e+00,-3.826640889241887944e+00,1.000000000000000000e+00
1.793801626602147037e+00,-1.135399946660460291e+00,1.000000000000000000e+00
2.345987027041652961e+00,-3.565424910609837461e+00,1.000000000000000000e+00
2.340582569242853239e+00,-2.333878016161577751e+00,1.000000000000000000e+00
1.462651731411938716e+00,-9.505154245306042249e-01,1.000000000000000000e+00
1.188524339168274047e+00,-9.536482612431836925e-01,1.000000000000000000e+00
2.265859135863365736e+00,-2.065418805794101864e+00,1.000000000000000000e+00
3.473259302888186184e+00,-2.341987453344060555e+00,1.000000000000000000e+00
2.743438036821830295e+00,-2.951873083699629419e+00,1.000000000000000000e+00
1.439727633458111278e+00,-2.270569613478707005e+00,1.000000000000000000e+00
2.097513920411459232e+00,-2.343474604407545847e+00,1.000000000000000000e+00
2.598168379721541577e+00,-2.113327158901999514e+00,1.000000000000000000e+00
2.929542807638864765e+00,-2.783633853338729480e+00,1.000000000000000000e+00
8.161910264573781770e-01,3.405886515820806260e-01,1.000000000000000000e+00
1.237702704012003441e+00,2.893287268401103507e-01,1.000000000000000000e+00
8.865303696362654140e-01,-7.959908385271105002e-01,1.000000000000000000e+00
2.202742696598262828e+00,-1.309647466531257187e+00,1.000000000000000000e+00
2.329287727081638337e+00,-2.811626017661367882e+00,1.000000000000000000e+00
4.805720503339455441e+00,-2.929552343905877265e+00,1.000000000000000000e+00
4.155185178533041146e+00,-2.259628811302182516e+00,1.000000000000000000e+00
2.148536953922357107e+00,-2.622719903243496020e+00,1.000000000000000000e+00
1.143138915860854699e+00,-9.431986560894756177e-01,1.000000000000000000e+00
1.399172925940297407e+00,-8.738258159488965227e-01,1.000000000000000000e+00
1.070035849361982372e+00,-1.313329148552323966e+00,1.000000000000000000e+00
1.665705817808840417e+00,-9.182383455177300924e-02,1.000000000000000000e+00
4.961892351193492701e+00,-1.544944405413969157e+00,1.000000000000000000e+00
3.174796913052408520e+00,3.780193938258986641e-01,1.000000000000000000e+00
3.975739646074307743e-01,6.790729796221532943e-01,1.000000000000000000e+00
2.395239016172559410e+00,-2.317231397233511458e+00,1.000000000000000000e+00
3.708577560614643165e+00,-4.497575611580937327e+00,1.000000000000000000e+00
2.978109897345824653e+00,-4.200106066671238647e-01,1.000000000000000000e+00
3.634016584612328682e+00,-2.201607709502396037e+00,1.000000000000000000e+00
3.167305522954912522e+00,-3.614261172398371968e+00,1.000000000000000000e+00
2.959344017265445270e+00,-2.000401844385922168e+00,1.000000000000000000e+00
2.379161697420476784e+00,-3.953177331271233719e-01,1.000000000000000000e+00
1.567177784146378094e+00,-2.993587272294309098e-01,1.000000000000000000e+00
2.867017824244081581e+00,-1.829324141645536361e-01,1.000000000000000000e+00
3.284111401688491139e+00,-1.878408865432454000e+00,1.000000000000000000e+00
4.421994164167727170e+00,-3.920618292541307781e+00,1.000000000000000000e+00
2.740894683399619502e+00,-2.219115331563766613e+00,1.000000000000000000e+00
1.228564014635905810e+00,4.866593619451542452e-02,1.000000000000000000e+00
2.264377023521084720e+00,4.712200005215005927e-01,1.000000000000000000e+00
2.590578821756435168e+00,-3.904635777106837402e-01,1.000000000000000000e+00
2.567072201144502408e+00,-1.999379961842414399e+00,1.000000000000000000e+00
3.475036633414174680e+00,-1.763031615855383594e+00,1.000000000000000000e+00
1.447295312803888567e+00,-1.181481288831747412e+00,1.000000000000000000e+00
2.753756884655000015e+00,-7.909557116415645295e-01,1.000000000000000000e+00
1.635574930422621254e+00,-2.050262520196027616e+00,1.000000000000000000e+00
7.670820532893680710e-01,-2.312708438435953084e+00,1.000000000000000000e+00
1.127230810778333314e+00,-6.297372244209279435e-01,1.000000000000000000e+00
3.307032577631218828e+00,-1.768889072876627555e+00,1.000000000000000000e+00
4.972726228695692363e+00,-2.527674344871653656e+00,1.000000000000000000e+00
2.387822558013288798e+00,-2.473879083473189855e+00,1.000000000000000000e+00
1.610627451020722134e+00,2.896409962891286494e-01,1.000000000000000000e+00
-5.223672854750871508e-01,1.890263104388358428e+00,1.000000000000000000e+00
1.368963109246172927e+00,-2.428130360796244780e+00,1.000000000000000000e+00
2.098399884598210807e+00,-2.358757588552144124e+00,1.000000000000000000e+00
1.541955335891784573e+00,-3.030252975236747304e+00,1.000000000000000000e+00
-4.835386683271041264e-01,1.607904586707238348e-01,1.000000000000000000e+00
4.414790081186136916e+00,-6.136591253612616370e+00,1.000000000000000000e+00
2.102545057148573981e+00,-2.959991133227478866e+00,1.000000000000000000e+00
9.653787300030312046e-01,-1.675775312516214477e-02,1.000000000000000000e+00
2.604360510690050923e+00,-1.189091175433937497e+00,1.000000000000000000e+00
2.572144043974189831e+00,-6.333523525933529852e-01,1.000000000000000000e+00
3.040910321673160777e+00,-3.389589448825280016e+00,1.000000000000000000e+00
-1.695372872835774203e-01,-1.818621230857772275e+00,1.000000000000000000e+00
4.021169325653149329e+00,-3.254594368481979139e+00,1.000000000000000000e+00
3.358863273033777297e+00,-1.754833279124792478e+00,1.000000000000000000e+00
5.674054752112200894e-01,-9.544261506791243965e-01,1.000000000000000000e+00
2.592297778879088632e+00,-3.501329302003699517e-01,1.000000000000000000e+00
1.418019476046574745e+00,-1.796165407916963774e+00,1.000000000000000000e+00
1.712725245456839129e+00,4.982562284004288244e-02,1.000000000000000000e+00
2.124485712940583415e+00,-3.942098227578343383e-01,1.000000000000000000e+00
5.996350882966284601e+00,-5.393327392590546054e+00,1.000000000000000000e+00
5.926761573290688645e-01,1.285805737097529100e+00,1.000000000000000000e+00
2.483633645811982316e+00,-9.063434462540040926e-01,1.000000000000000000e+00
2.299173942092730627e+00,-7.193745309093908524e-01,1.000000000000000000e+00
1.713497746565128654e+00,-1.901962791736742986e+00,1.000000000000000000e+00
2.629200138833546418e+00,-3.460614614716694071e+00,1.000000000000000000e+00
2.975081126769546724e+00,-4.024465499227645182e+00,1.000000000000000000e+00
8.537518189419508463e-01,1.374911527076201789e+00,1.000000000000000000e+00
2.630213323613451504e+00,-2.616368264159986357e+00,1.000000000000000000e+00
1.669313600975094847e+00,-1.687641577146328453e+00,1.000000000000000000e+00
2.670811438923379022e+00,-1.046190266027181126e+00,1.000000000000000000e+00
2.486809334699828344e+00,-1.412078795554620569e+00,1.000000000000000000e+00
1.101299104419951380e+00,-3.871461371058670942e-01,1.000000000000000000e+00
1.716466178550718258e+00,-1.269704225598556890e+00,1.000000000000000000e+00
2.039487311729274666e+00,-1.727280828235570720e+00,1.000000000000000000e+00
2.903289188430195011e+00,-2.200313996688761264e+00,1.000000000000000000e+00
1.720004264792784676e+00,-6.405038911720464245e-01,1.000000000000000000e+00
1.203777371967482912e+00,-1.173590825800639781e+00,1.000000000000000000e+00
3.782963244509744527e+00,-3.049709792771760242e+00,1.000000000000000000e+00
1.526780725960046325e+00,-5.137537683381172560e-01,1.000000000000000000e+00
1.395455392200875000e+00,8.570837028797209101e-01,1.000000000000000000e+00
-7.593688494408201706e-01,2.224782416018417752e+00,1.000000000000000000e+00
2.795083792532158107e+00,-3.325603623283524879e+00,1.000000000000000000e+00
3.143403977536288973e+00,-2.103962674499468832e+00,1.000000000000000000e+00
5.397810005788366006e+00,-3.976200998459031855e+00,1.000000000000000000e+00
2.315510918864473577e+00,-1.991599622278437565e+00,1.000000000000000000e+00
3.297166129128929590e+00,-3.132816145153305420e+00,1.000000000000000000e+00
2.129993574400839140e+00,-1.567373204435096978e+00,1.000000000000000000e+00
1.472271046120534610e+00,-1.329846778038161315e+00,1.000000000000000000e+00
3.542824645173186404e+00,-2.542767061973792764e+00,1.000000000000000000e+00
2.251476634438922542e+00,-1.287435884025893928e+00,1.000000000000000000e+00
4.184700409907362584e-01,-5.090914394930805553e-01,1.000000000000000000e+00
3.971354877921525084e+00,-2.135204498899583303e+00,1.000000000000000000e+00
2.931100933919550400e+00,-4.301302620582686309e+00,1.000000000000000000e+00
1.513857996479706536e+00,-2.342660620973611163e-01,1.000000000000000000e+00
2.052304926660564188e+00,-1.420324830218539836e+00,1.000000000000000000e+00
2.130670071646191044e+00,-1.526781168540755962e+00,1.000000000000000000e+00
5.186884360420416229e-01,2.243045064522890542e-01,1.000000000000000000e+00
3.590843742587569221e+00,-8.739189485050506967e-01,1.000000000000000000e+00
3.681103896289985133e+00,-3.870326948362139419e-01,1.000000000000000000e+00
3.246723743407069041e+00,-1.003330372925463898e+00,1.000000000000000000e+00
4.088018530847684850e+00,-3.828125107740534272e+00,1.000000000000000000e+00
4.472296538587543502e+00,-3.385959644691152626e+00,1.000000000000000000e+00
3.703998104840199090e+00,-3.128493533026088791e+00,1.000000000000000000e+00
1.754700162600663083e+00,-2.502284879771835779e+00,1.000000000000000000e+00
3.607476562893890293e+00,-4.103946100417322107e+00,1.000000000000000000e+00
1.786572529116781105e-01,8.291071393531352918e-01,1.000000000000000000e+00
1.211732286947008408e+00,-2.370307851733446380e-01,1.000000000000000000e+00
7.715966044961808379e-02,-1.167242793041507687e+00,1.000000000000000000e+00
3.285752205402304060e+00,-1.637600917426046188e+00,1.000000000000000000e+00
2.341321930334167245e+00,-1.803381174159325973e+00,1.000000000000000000e+00
3.447818874087365426e+00,-1.578242016332568554e+00,1.000000000000000000e+00
1.938080094374130757e+00,-1.077302090287872716e+00,1.000000000000000000e+00
1.932678162101368891e+00,-3.128725338472011508e-01,1.000000000000000000e+00
3.028483815428563375e+00,-4.587173597498197530e-01,1.000000000000000000e+00
2.474365599334772625e+00,-1.475877420086552094e+00,1.000000000000000000e+00
3.008923084305973994e+00,-2.375794342208938925e+00,1.000000000000000000e+00
1.085097448783129970e-01,4.372070959799438938e-01,1.000000000000000000e+00
4.094095709973695207e+00,-2.663328238306899465e+00,1.000000000000000000e+00
2.447317669820085140e+00,-1.692669788917814389e+00,1.000000000000000000e+00
2.325842493755079676e+00,-1.552114434157073397e+00,1.000000000000000000e+00
7.622784245532157055e-01,-7.181645093443548289e-01,1.000000000000000000e+00
3.357842041110734144e+00,-2.937621740757221822e+00,1.000000000000000000e+00
3.020165550444129376e+00,-4.510120556047499285e+00,1.000000000000000000e+00
7.438777695420168978e-01,1.527980839880233699e+00,1.000000000000000000e+00
3.059660439709107838e+00,-9.307567803755125713e-01,1.000000000000000000e+00
3.121965976688498401e+00,-3.176392167315353454e+00,1.000000000000000000e+00
2.154768212825318940e+00,-1.920030967182955184e-01,1.000000000000000000e+00
-1.120554613812485556e-02,-2.041736626817602041e+00,1.000000000000000000e+00
3.572269563651274460e+00,-2.681672499758994022e+00,1.000000000000000000e+00
4.294022314168260301e+00,-7.859233654008039860e-01,1.000000000000000000e+00
1.611095957926515165e+00,7.946391587249390653e-02,1.000000000000000000e+00
3.389681019122074979e+00,-3.147939308630857802e+00,1.000000000000000000e+00
2.719087103597220612e+00,-6.241876969682983445e-01,1.000000000000000000e+00
1.975406437412766891e+00,2.482146580574930983e-01,1.000000000000000000e+00
4.147480998594245349e+00,-2.157497349622596428e+00,1.000000000000000000e+00
3.336808269075888234e+00,-3.773034679571501737e+00,1.000000000000000000e+00
1.667325334205498999e+00,-9.814544256092917474e-01,1.000000000000000000e+00
2.748557882743495107e+00,-3.376041507626109883e+00,1.000000000000000000e+00
4.225856053909156529e+00,-3.487904097152648930e+00,1.000000000000000000e+00
8.177142903451883882e-01,2.347496356834366527e-01,1.000000000000000000e+00
1.671353702351001225e+00,-2.826757891528998812e+00,1.000000000000000000e+00
2.725328557770400728e+00,8.748571197193775184e-01,1.000000000000000000e+00
3.429340653911166825e+00,-4.631915265250480473e+00,1.000000000000000000e+00
2.572520608565473044e+00,-2.780435909567531283e+00,1.000000000000000000e+00
3.057512509709509274e+00,-4.043998460028321862e-01,1.000000000000000000e+00
1.503558034234092844e+00,1.822738891914741366e-01,1.000000000000000000e+00
2.250180189085258409e+00,-3.117726766552260997e+00,1.000000000000000000e+00
4.102698154130074215e+00,-1.907926277210302057e+00,1.000000000000000000e+00
1.993565789154212231e+00,-1.835149915155483979e+00,1.000000000000000000e+00
2.969339314731756829e+00,-1.383921282646593864e+00,1.000000000000000000e+00
4.562954098533051450e+00,-2.714776274836198322e+00,1.000000000000000000e+00
1.914840248234899178e+00,-1.408158972081081650e+00,1.000000000000000000e+00
1.899536028677309751e+00,-7.826480942915629013e-01,1.000000000000000000e+00
2.423141904159686000e+00,-2.145179860536933880e+00,1.000000000000000000e+00
3.586061171156056382e+00,-2.450810243613724460e+00,1.000000000000000000e+00
2.154747984529461480e+00,-2.761560368089267303e+00,1.000000000000000000e+00
2.933196873086603151e+00,-6.331840311585340553e-01,1.000000000000000000e+00
1.872012288712948447e+00,-1.895364340875318021e+00,1.000000000000000000e+00
3.084301060795697325e+00,8.058192234687178157e-03,1.000000000000000000e+00
4.023726823064516900e+00,-3.423316670423363739e+00,1.000000000000000000e+00
2.779957161844694991e+00,-6.594326225939937114e-01,1.000000000000000000e+00
1.047082684075813397e+00,-1.950845092206268117e-01,1.000000000000000000e+00
4.553488060007079952e+00,-3.548319058584558761e+00,1.000000000000000000e+00
2.483553730533400117e+00,-3.192346756073955572e+00,1.000000000000000000e+00
3.978012904543466455e-01,-3.257550491522438474e-01,1.000000000000000000e+00
9.566599872225425294e-01,6.540400577359610779e-01,1.000000000000000000e+00
2.090259980653982108e+00,-9.165678218627748564e-01,1.000000000000000000e+00
2.785810073655064834e+00,-4.754789655865862663e+00,1.000000000000000000e+00
2.373902613378541027e+00,-9.368426300003459550e-01,1.000000000000000000e+00
1.590717047088013647e+00,-1.812439322709661571e+00,1.000000000000000000e+00
2.150506000308934684e+00,-1.539546966403137818e+00,1.000000000000000000e+00
3.917898309469646900e+00,-2.401438996494037248e+00,1.000000000000000000e+00
4.457220888631775679e+00,-3.721366207528720604e+00,1.000000000000000000e+00
2.488306822388021811e+00,-4.768056145514303346e-01,1.000000000000000000e+00
3.361907287886298779e+00,-2.920240408938313603e+00,1.000000000000000000e+00
3.565670449165987410e-01,1.918296970071425633e+00,1.000000000000000000e+00
2.476989271409276938e+00,-1.116186546231069832e+00,1.000000000000000000e+00
3.591347909991750242e+00,-3.230305822036190211e-01,1.000000000000000000e+00
1.122084389677926675e+00,-1.557193207893117215e-01,1.000000000000000000e+00
1.696812904710772951e+00,-1.356441926026102029e+00,1.000000000000000000e+00
2.858168837381658278e-03,-4.814469577889297636e-01,1.000000000000000000e+00
4.902568562048726264e+00,-3.112406938458906591e+00,1.000000000000000000e+00
2.468283178840384728e-01,1.796905067346368678e+00,1.000000000000000000e+00
2.542645838130605185e+00,-1.040532717338487956e+00,1.000000000000000000e+00
3.027343185239217416e+00,-2.371274100036361521e+00,1.000000000000000000e+00
2.600738681206516745e+00,-1.161699805858055656e+00,1.000000000000000000e+00
3.544879808496145479e+00,-4.013840664666693314e+00,1.000000000000000000e+00
8.769757882518574021e-01,-6.455396289000157051e-01,1.000000000000000000e+00
4.640483880300982023e+00,-1.946870809750533171e+00,1.000000000000000000e+00
1.799471380482194238e+00,-1.756801362310007608e+00,1.000000000000000000e+00
4.510461243227922523e+00,-3.597644971916429846e+00,1.000000000000000000e+00
1.282846558446644636e+00,-6.693595439506609956e-01,1.000000000000000000e+00
3.381177064624571571e+00,-3.121502874859082510e+00,1.000000000000000000e+00
2.487351196795281716e+00,-3.191009961891561719e+00,1.000000000000000000e+00
1.635410925701652474e+00,-2.192587552552352381e+00,1.000000000000000000e+00
2.367435473786532185e+00,-8.724789496085633145e-01,1.000000000000000000e+00
2.207813389558708206e+00,-3.406407454775715049e+00,1.000000000000000000e+00
-6.095227808421510574e-02,2.528276309984933690e-01,1.000000000000000000e+00
3.068847187983476221e+00,-2.369203748312944668e+00,1.000000000000000000e+00
1.417195994069313514e+00,-7.917394011345453286e-01,1.000000000000000000e+00
1.468319409897063554e+00,-1.062052390626816223e+00,1.000000000000000000e+00
4.207169051266991922e+00,-2.218394164928857215e+00,1.000000000000000000e+00
7.070587362239402207e-01,2.883413989799521016e+00,1.000000000000000000e+00
3.294332037407196268e+00,-4.192602313970161809e-01,1.000000000000000000e+00
1.529321783843918814e+00,-1.250586026429834074e+00,1.000000000000000000e+00
1.666381522531942938e+00,-9.029654787155327877e-01,1.000000000000000000e+00
2.673099384668804923e+00,-3.380951264452825011e+00,1.000000000000000000e+00
1.435264068273958138e-01,-1.284163939317226832e+00,1.000000000000000000e+00
4.983763625883101955e-01,-1.461528824756142431e+00,1.000000000000000000e+00
3.257691983960814941e+00,-5.478928414630630961e+00,1.000000000000000000e+00
2.857100031656845118e-03,1.201815466302380564e+00,1.000000000000000000e+00
3.077477130074090628e+00,-7.026512802881489383e-01,1.000000000000000000e+00
3.057666217380283769e-01,-8.701911693093509204e-01,1.000000000000000000e+00
1.423519021402214868e+00,-1.874248575329326982e-01,1.000000000000000000e+00
2.604775784076337697e+00,-2.005078451416597130e+00,1.000000000000000000e+00
2.745404514352929315e-01,-1.246798390933807621e-01,1.000000000000000000e+00
1.792420194426020519e+00,-9.552817316242728785e-01,1.000000000000000000e+00
3.602815700250760145e+00,-4.502808413186055070e+00,1.000000000000000000e+00
2.882949593246610043e+00,-6.095700586644489105e-01,1.000000000000000000e+00
1.557606969259592411e+00,2.061383463099502045e-01,1.000000000000000000e+00
4.290814539103598335e+00,-1.809767011464713526e+00,1.000000000000000000e+00
1.326673100181771980e+00,-1.713017383975546037e+00,1.000000000000000000e+00
3.016096052472587719e+00,-1.347405704116330760e+00,1.000000000000000000e+00
2.807218660558463252e+00,-1.078387134432907013e+00,1.000000000000000000e+00
1.317868158652739208e+00,2.562502211892503379e-01,1.000000000000000000e+00
3.227569479624991189e+00,-2.691457446162520917e+00,1.000000000000000000e+00
3.414356815687800584e+00,-5.452958294298261288e-01,1.000000000000000000e+00
3.865210388487584137e+00,-3.928575034638769115e+00,1.000000000000000000e+00
3.069412112990516306e+00,-2.200108231230250677e+00,1.000000000000000000e+00
5.559583064408066377e+00,-4.477963955045218825e+00,1.000000000000000000e+00
9.831586886069612063e-01,-2.415479860869849560e+00,1.000000000000000000e+00
3.014477073945577068e+00,-1.744912855043531330e+00,1.000000000000000000e+00
3.919972117306332215e+00,-3.810468952418567312e+00,1.000000000000000000e+00
2.979966875776252078e+00,-3.319069517941793279e+00,1.000000000000000000e+00
2.318841839441834196e+00,-1.397511052898910977e+00,1.000000000000000000e+00
2.907396025650999860e+00,-2.068006312683651871e+00,1.000000000000000000e+00
1.169655350518878256e+00,-4.888926756518257033e-01,1.000000000000000000e+00
1.675578918601229983e+00,1.250279447327772964e+00,1.000000000000000000e+00
2.256760235720977281e+00,-2.456314302895630686e+00,1.000000000000000000e+00
3.910959040628368300e+00,-3.978872958499515722e+00,1.000000000000000000e+00
3.130123850637615668e+00,-1.664445400969807975e+00,1.000000000000000000e+00
3.646271155039341849e+00,-3.831265689424861787e+00,1.000000000000000000e+00
7.089219563494315590e-01,-4.947856733078737079e-01,1.000000000000000000e+00
2.073267999099745573e+00,-3.334200156173634966e+00,1.000000000000000000e+00
-1.059299695854888146e+00,1.869257516220821813e+00,1.000000000000000000e+00
3.073353449053918496e+00,-3.790029858331154244e+00,1.000000000000000000e+00
2.869483018070837055e+00,-2.771136672215474661e+00,1.000000000000000000e+00
1.148876303819349909e+00,-4.878351418988902122e-01,1.000000000000000000e+00
2.241003540146749629e+00,-3.566834004201950847e+00,1.000000000000000000e+00
2.230273146086501512e+00,-1.473951359405553774e+00,1.000000000000000000e+00
6.584777331849889226e-01,7.180820407100796388e-01,1.000000000000000000e+00
1.631429314173677092e+00,-2.186185912999145664e+00,1.000000000000000000e+00
2.258862751581628192e+00,-2.181780864713238621e+00,1.000000000000000000e+00
1.980637023358916782e+00,-2.530605625278838477e+00,1.000000000000000000e+00
1.557884155420799388e+00,-8.233023107094397108e-01,1.000000000000000000e+00
1.297806414553791976e+00,-2.658612132563884511e+00,1.000000000000000000e+00
2.024243123878798123e+00,-5.773346592290512502e-01,1.000000000000000000e+00
3.776496857491630443e+00,-2.243669432200712244e+00,1.000000000000000000e+00
3.662176382537509767e+00,-3.497244333348326961e+00,1.000000000000000000e+00
1.637236001425194321e+00,-2.564830918670177429e+00,1.000000000000000000e+00
3.156315844460169995e+00,-4.149485512151807054e-01,1.000000000000000000e+00
1.845194423830567976e+00,-1.657303498114247375e+00,1.000000000000000000e+00
1.820118910925853539e+00,-8.321655935004410587e-01,1.000000000000000000e+00
1.912539384372162532e+00,-1.696103744137165137e+00,1.000000000000000000e+00
1.016504194413260231e+00,7.408991262307922376e-01,1.000000000000000000e+00
2.715628318234587280e+00,-2.338834994904832598e+00,1.000000000000000000e+00
2.608430237160639820e+00,-2.890108080190542772e+00,1.000000000000000000e+00
2.151918097392036877e+00,-3.005459436567480047e+00,1.000000000000000000e+00
1.204874018415327042e+00,-5.533251904791270936e-01,1.000000000000000000e+00
1.189971972663658617e+00,-1.060611109937358298e+00,1.000000000000000000e+00
1.816299957511664065e+00,-1.963345596833145024e+00,1.000000000000000000e+00
1.294504971429881302e+00,-6.150662852474384490e-01,1.000000000000000000e+00
1.910186378533519136e+00,-3.384938560320793322e+00,1.000000000000000000e+00
1.460677186929564719e+00,-1.479407999648121530e+00,1.000000000000000000e+00
1.914808224931595859e+00,-1.791253103497986388e+00,1.000000000000000000e+00
1.572434676505933382e+00,1.122828447915711347e-01,1.000000000000000000e+00
1.339617757552726163e+00,-1.187561592006087796e+00,1.000000000000000000e+00
2.870304885256703464e+00,-1.165225631003452555e-02,1.000000000000000000e+00
3.224973180280328311e+00,-2.636634942725435415e+00,1.000000000000000000e+00
4.909849816160002156e+00,-3.205928537088700736e+00,1.000000000000000000e+00
3.169136879153561903e+00,-1.712221753617932718e+00,1.000000000000000000e+00
5.254038806491006852e+00,-3.115644578956781263e+00,1.000000000000000000e+00
2.967843713025277275e+00,-1.770012433760657533e+00,1.000000000000000000e+00
1.894823631470536673e+00,-1.435564052982980066e+00,1.000000000000000000e+00
-6.643225577663676162e-01,8.292602825074135708e-02,1.000000000000000000e+00
2.513441587052074322e+00,-6.485764462433356581e-01,1.000000000000000000e+00
2.178340234905337347e+00,-1.627411032132591862e+00,1.000000000000000000e+00
1.560124008466767132e+00,-2.336124367168749494e+00,1.000000000000000000e+00
2.525817919369043985e+00,-1.218916613080696987e+00,1.000000000000000000e+00
1.971087121782864493e+00,-1.561933205447982642e+00,1.000000000000000000e+00
2.560231537130800650e+00,-2.367297952181563581e+00,1.000000000000000000e+00
-5.008941241461526417e-01,-7.479691940578165887e-01,1.000000000000000000e+00
1.964513648035575155e+00,-1.630242398354420308e+00,1.000000000000000000e+00
7.137880455514240552e-01,5.919742211864922332e-01,1.000000000000000000e+00
-7.673058570654167632e-01,-4.400312252986406936e-01,1.000000000000000000e+00
1.922761265985619694e+00,-7.282251010446892936e-01,1.000000000000000000e+00
-3.458387785705445694e-01,-3.378452516075147738e-01,1.000000000000000000e+00
2.434061664842698036e+00,-1.716428715731972643e+00,1.000000000000000000e+00
3.562018249846190088e+00,-1.638968826316526295e+00,1.000000000000000000e+00
3.939324373903873244e+00,-1.010174916809104317e+00,1.000000000000000000e+00
1.736694467197511305e+00,4.562772760497066926e-01,1.000000000000000000e+00
9.225969960076054743e-01,-1.247103424356300172e+00,1.000000000000000000e+00
3.064814776059590518e+00,-1.863269669575715604e+00,1.000000000000000000e+00
2.374365926676128336e+00,9.092822654086507583e-02,1.000000000000000000e+00
2.150038414973217904e+00,-2.621492057503937545e+00,1.000000000000000000e+00
7.727871451130032820e-01,-6.913165373575698158e-01,1.000000000000000000e+00
2.094673467959057511e+00,3.191437277519979521e-01,1.000000000000000000e+00
1.502138131025141821e+00,-1.047330968020927289e+00,1.000000000000000000e+00
2.576403906358820439e+00,-1.174886265522919304e+00,1.000000000000000000e+00
3.677092572270393767e+00,-4.285294971623303528e-01,1.000000000000000000e+00
2.611701712401395703e+00,-3.443212781348929497e+00,1.000000000000000000e+00
2.871912927695640327e+00,-3.219890097316128852e+00,1.000000000000000000e+00
4.123697794407442885e+00,-4.966084674126969745e+00,1.000000000000000000e+00
2.972269757715708671e+00,-2.425913499486719083e+00,1.000000000000000000e+00
9.556361421067149919e-01,-1.537309022633462696e+00,1.000000000000000000e+00
2.467128776231198195e+00,6.544201863087164561e-01,1.000000000000000000e+00
3.494301367539187630e+00,-1.049733454799984367e+00,1.000000000000000000e+00
3.336845973751708883e+00,-2.606122918162079305e-01,1.000000000000000000e+00
-3.688344828657541541e-03,-6.921491021275473221e-01,1.000000000000000000e+00
2.906934250460837532e+00,-9.800628442294505582e-01,1.000000000000000000e+00
2.168185064533151518e+00,-1.500604416384474948e+00,1.000000000000000000e+00
4.024086507331274820e-01,-5.233631289658458030e-02,1.000000000000000000e+00
2.421921374325228360e+00,-1.341690111627393378e+00,1.000000000000000000e+00
2.566830923961761712e+00,-2.015637029424993454e+00,1.000000000000000000e+00
1.688928287796402916e+00,-1.998920522289193702e-01,1.000000000000000000e+00
2.350675143310178239e+00,-3.231867337655968342e+00,1.000000000000000000e+00
3.065309630465193003e+00,-2.659054690728225978e+00,1.000000000000000000e+00
1.841751051266375949e+00,-2.165943923564122020e+00,1.000000000000000000e+00
1.849979504071408432e+00,-3.134365701251715208e+00,1.000000000000000000e+00
1.754171509369490956e+00,-9.458707591987933760e-01,1.000000000000000000e+00
3.584128205287437474e+00,-3.321599911005709505e+00,1.000000000000000000e+00
3.049041508764771535e-01,3.748468467917343006e-02,1.000000000000000000e+00
6.112535234050946453e-01,2.032171222219605333e-01,1.000000000000000000e+00
2.079853211293116733e+00,-1.194005436410475074e+00,1.000000000000000000e+00
8.400190103652103168e-01,5.647283016534649924e-01,1.000000000000000000e+00
2.567406650568565318e+00,-3.812327528944005284e+00,1.000000000000000000e+00
2.716463902170140443e+00,-4.571518957760935642e+00,1.000000000000000000e+00
1.538460649875087016e+00,-1.932252602317236612e+00,1.000000000000000000e+00
1.842827478047645684e+00,-1.989177593994566617e+00,1.000000000000000000e+00
2.725049991782250824e+00,-2.870282727734142725e+00,1.000000000000000000e+00
2.095142058225069270e+00,-5.795515011812346629e-02,1.000000000000000000e+00
1.171836152886869487e+00,-1.480905411979657416e+00,1.000000000000000000e+00
1.999050098305069634e+00,-2.624411634801089299e-01,1.000000000000000000e+00
1.531469992913415901e+00,-1.429252383248817093e+00,1.000000000000000000e+00
1.752631356770669946e+00,-2.998577039937451172e-01,1.000000000000000000e+00
5.969011796701752637e+00,-5.685423926822403828e+00,1.000000000000000000e+00
4.702133549141972679e+00,-3.948009249482578475e+00,1.000000000000000000e+00
3.183291288897579729e+00,-1.159477296770931476e+00,1.000000000000000000e+00
1.739677617411777621e+00,-2.104143584361198194e+00,1.000000000000000000e+00
3.087113543162494089e+00,-1.215756023275383457e+00,1.000000000000000000e+00
2.121223320207091145e+00,-1.544942339215214400e+00,1.000000000000000000e+00
1.574365110668185519e+00,-3.547107716160931012e-01,1.000000000000000000e+00
3.140473357668361665e+00,-8.617319142184468594e-01,1.000000000000000000e+00
9.793429019685659931e-01,1.009461026793732952e+00,1.000000000000000000e+00
3.525372217519306073e+00,-1.199460777259287125e+00,1.000000000000000000e+00
1.445229485260652869e+00,5.271926901131456233e-01,1.000000000000000000e+00
3.612196007008714016e+00,-3.203609338535895468e+00,1.000000000000000000e+00
2.910356877896338901e+00,-2.672768575193888996e+00,1.000000000000000000e+00
2.036542700214727386e+00,-1.132166673162880333e+00,1.000000000000000000e+00
3.577598756879159403e+00,-1.581574708033308463e+00,1.000000000000000000e+00
4.515018189965164908e+00,-3.602634048232328468e+00,1.000000000000000000e+00
4.455349375920061306e+00,-4.005641888279795282e+00,1.000000000000000000e+00
3.752907115699302132e+00,-2.367382060865009130e+00,1.000000000000000000e+00
2.298086766366752798e+00,-1.280084984870774267e+00,1.000000000000000000e+00
2.872684134723783700e+00,-3.311350706042490266e+00,1.000000000000000000e+00
2.393123232775896447e+00,-9.411469106740517621e-01,1.000000000000000000e+00
-7.417915192471689068e-01,2.790481863592916500e+00,1.000000000000000000e+00
1.511745039116449973e-01,-8.915821040932477848e-01,1.000000000000000000e+00
3.403105099587837579e+00,-3.611550550209328136e+00,1.000000000000000000e+00
4.487786622823113802e+00,-2.513757009635258388e+00,1.000000000000000000e+00
3.581191814635817927e+00,-1.434460677579546317e+00,1.000000000000000000e+00
6.723858426200688410e-01,6.301983526361834009e-01,1.000000000000000000e+00
1.654189312370956788e+00,-8.332246991231917477e-01,1.000000000000000000e+00
1.974158547044302603e+00,-5.148098422123750240e-01,1.000000000000000000e+00
2.692723677006217731e+00,-1.455089799282018204e+00,1.000000000000000000e+00
8.663763261492263279e-01,1.300710316160065716e+00,1.000000000000000000e+00
1.961724694577876793e+00,-9.968909366654471471e-01,1.000000000000000000e+00
2.618715278967489901e+00,-3.486948781775189410e+00,1.000000000000000000e+00
9.701330187193621946e-01,-1.736603449675085731e+00,1.000000000000000000e+00
3.892953303098115381e+00,-1.995532423613026296e+00,1.000000000000000000e+00
-9.191981875176353789e-01,4.021997347554082669e-01,1.000000000000000000e+00
3.544751809423751787e-01,7.058271299791858411e-01,1.000000000000000000e+00
2.165711813306146372e+00,-1.603735972171151491e+00,1.000000000000000000e+00
6.261302965055115521e-03,-7.664841252294770646e-01,1.000000000000000000e+00
1.111352945519378022e+00,-1.336686176150072125e+00,1.000000000000000000e+00
2.644694187586439593e+00,5.367070358676673258e-02,1.000000000000000000e+00
2.474615658656577732e+00,-1.342549860859162392e+00,1.000000000000000000e+00
1.257592537047044878e+00,-1.332052646428278031e+00,1.000000000000000000e+00
1.752940006223087543e+00,1.485633036303833254e+00,1.000000000000000000e+00
1.527583742521199994e+00,-4.822432029214744897e-01,1.000000000000000000e+00
2.299614243684208859e+00,-2.498394146661604864e+00,1.000000000000000000e+00
1.346752784264636071e+00,1.627833871914607045e+00,1.000000000000000000e+00
1.241663509571612423e+00,-2.396203733947020353e+00,1.000000000000000000e+00
4.516357848128675023e+00,-6.127670643153495078e+00,1.000000000000000000e+00
3.296134375271227324e+00,-1.023762581366327140e+00,1.000000000000000000e+00
3.254191746013804121e+00,-2.213527085644594550e+00,1.000000000000000000e+00
9.247195669688661468e-01,4.087506476881512807e-01,1.000000000000000000e+00
1.505888277240819306e+00,-2.375752869283807023e+00,1.000000000000000000e+00
3.780995237552265298e+00,-3.048365319867235357e+00,1.000000000000000000e+00
2.520424279292054148e+00,-1.754488549829844590e+00,1.000000000000000000e+00
2.717408781710648480e+00,-1.266970625342754175e+00,1.000000000000000000e+00
2.836493649085836122e+00,-2.818676483940295796e+00,1.000000000000000000e+00
-3.236681653753690213e-01,8.030583448428245674e-01,1.000000000000000000e+00
2.132521462504721299e+00,-2.221126207838260314e+00,1.000000000000000000e+00
2.432443051649090471e+00,-3.837236082171697760e-01,1.000000000000000000e+00
2.468040997691586913e+00,-2.454438509469460516e+00,1.000000000000000000e+00
2.874473761615950806e+00,-1.665937889806401229e+00,1.000000000000000000e+00
2.761454672134699528e+00,-2.773520409406343035e+00,1.000000000000000000e+00
3.828814003726917381e+00,-5.614234426109023346e+00,1.000000000000000000e+00
2.942230843111798944e+00,-1.245408097371532463e+00,1.000000000000000000e+00
1.180279414007222805e+00,-1.643880964222251828e+00,1.000000000000000000e+00
3.830712051843916832e+00,-3.451384875106449979e+00,1.000000000000000000e+00
4.692334409710030130e+00,-3.374976186882095774e+00,1.000000000000000000e+00
1.087772635267186150e+00,-2.226491622445922136e+00,1.000000000000000000e+00
2.770627800991459555e+00,-3.270560006883642679e+00,1.000000000000000000e+00
2.056180853665869890e+00,-3.370939753351680501e+00,1.000000000000000000e+00
2.700088563305821587e+00,-3.119776444049163544e+00,1.000000000000000000e+00
3.732239765114822916e+00,-1.992136913474889637e+00,1.000000000000000000e+00
1.452826524762797833e+00,-1.865141288849252454e+00,1.000000000000000000e+00
1.995865039093438265e+00,-2.440287854366249398e+00,1.000000000000000000e+00
3.126842073489616070e+00,-1.525814247383406208e+00,1.000000000000000000e+00
3.477709657535563270e+00,-3.781229242923567213e-02,1.000000000000000000e+00
1.217499913158149205e+00,-1.436517002284541267e+00,1.000000000000000000e+00
2.082569398275694983e+00,1.688079603416239305e-01,1.000000000000000000e+00
3.334041302906098903e-01,-4.939377254480690205e-01,1.000000000000000000e+00
3.135326720442931148e+00,-1.180684899570339397e+00,1.000000000000000000e+00
3.684735133292448950e+00,-4.192106503317497790e+00,1.000000000000000000e+00
3.122343358045711614e+00,-4.035271671954220096e+00,1.000000000000000000e+00
4.134140838564929865e+00,-2.364286961429382661e+00,1.000000000000000000e+00
1.900199582832398537e+00,-2.288557789861881187e+00,1.000000000000000000e+00
3.420915223667091887e+00,-2.943913698533157763e+00,1.000000000000000000e+00
3.131383734137691111e+00,-8.800451397405265608e-01,1.000000000000000000e+00
7.407185600145680393e-01,-1.513620414007141424e+00,1.000000000000000000e+00
3.606187610490996676e+00,-1.902445154583384923e+00,1.000000000000000000e+00
4.039934749522623214e+00,-1.563688855934692867e+00,1.000000000000000000e+00
3.774328145393481382e+00,-2.821608528917585179e+00,1.000000000000000000e+00
2.802100133726399545e+00,-3.014332229129835117e+00,1.000000000000000000e+00
9.722504669107481234e-01,-1.105072206643575861e-02,1.000000000000000000e+00
1.674973200704034770e+00,-1.247655665728173435e-01,1.000000000000000000e+00
8.324418250039553602e-01,-8.811766051201264105e-01,1.000000000000000000e+00
2.743165314239294439e+00,-1.635507521967677347e+00,1.000000000000000000e+00
4.212504517901521695e+00,-1.942915987398941002e+00,1.000000000000000000e+00
2.852232501248968877e+00,-2.790433249505600344e+00,1.000000000000000000e+00
1.869636966820544366e+00,-4.028048921314328901e+00,1.000000000000000000e+00
1.781063632746482384e-01,9.538776922984939510e-01,1.000000000000000000e+00
2.569381248817082408e+00,-2.267542939415462477e+00,1.000000000000000000e+00
7.292713651656068663e-02,3.747891546167725352e-02,1.000000000000000000e+00
1.220466744838412332e+00,-7.590691090126773233e-01,1.000000000000000000e+00
3.237126397560606605e+00,-2.103884871878561658e+00,1.000000000000000000e+00
8.322114918502674374e-01,-3.601324571187503043e-01,1.000000000000000000e+00
2.265041272027201735e+00,-3.206618423892336089e+00,1.000000000000000000e+00
6.687979396305328006e-01,-2.248130463540169988e-01,1.000000000000000000e+00
5.130050430120291161e+00,-3.487446982749311974e+00,1.000000000000000000e+00
4.200794102827975607e+00,-3.109739211878773446e+00,1.000000000000000000e+00
2.221700515714899016e+00,-1.120989055879028529e+00,1.000000000000000000e+00
3.089996529846852802e+00,-2.185491871668213015e+00,1.000000000000000000e+00
4.390283097708911342e+00,-3.631951900675884914e+00,1.000000000000000000e+00
1.157446366525038961e+00,1.145564130585714047e+00,1.000000000000000000e+00
3.718256692289661380e+00,-4.911853474888818738e+00,1.000000000000000000e+00
2.748947910989148813e+00,-1.556104970803617427e+00,1.000000000000000000e+00
2.010470707193582562e+00,-1.922503452739000362e+00,1.000000000000000000e+00
2.366680338976339559e+00,-9.768965534377826998e-02,1.000000000000000000e+00
2.957293606355689164e+00,-1.500783070754520665e+00,1.000000000000000000e+00
4.344407467418539781e+00,-5.692453193047002813e+00,1.000000000000000000e+00
2.241811868050559653e+00,-2.228446204503959471e+00,1.000000000000000000e+00
2.545794641632785016e+00,-5.488198599656671783e-01,1.000000000000000000e+00
1.272319528727233529e+00,-1.105172984825417482e+00,1.000000000000000000e+00
4.215377306016525161e+00,-3.438986101623257241e+00,1.000000000000000000e+00
4.614761352848303133e+00,-3.844661542288459355e+00,1.000000000000000000e+00
1.643262161799479149e+00,-2.376326520596665492e+00,1.000000000000000000e+00
1.917783740758699285e+00,-1.115141786016587755e+00,1.000000000000000000e+00
2.208098032006821310e+00,-1.620366565450111818e+00,1.000000000000000000e+00
2.394126006617617541e+00,-4.682659615378970130e-01,1.000000000000000000e+00
2.370487984980923724e+00,-3.143309981724096147e-01,1.000000000000000000e+00
3.349057087119155618e+00,-7.922529071886774688e-01,1.000000000000000000e+00
1.256035899673024980e+00,-9.739244127649595573e-01,1.000000000000000000e+00
3.525580695858128166e+00,-2.996035045170310163e+00,1.000000000000000000e+00
2.967121114504373214e+00,-3.882427115256351868e+00,1.000000000000000000e+00
1.566451401992069226e+00,-1.482428841225421623e+00,1.000000000000000000e+00
3.194921250867542639e+00,-2.883787029978621241e+00,1.000000000000000000e+00
2.010958648120648729e+00,-1.523337750038858296e+00,1.000000000000000000e+00
3.195427232528806005e+00,-1.647464478242386621e+00,1.000000000000000000e+00
1.712356285035547376e+00,-1.144572107199695488e+00,1.000000000000000000e+00
-2.667862695257703365e-01,2.108637476068472516e+00,1.000000000000000000e+00
6.479831447933586119e-01,-1.768437458082110503e-01,1.000000000000000000e+00
3.147973620160410491e+00,-3.873973135487293273e+00,1.000000000000000000e+00
2.179826766064763000e+00,-2.155928381107328207e+00,1.000000000000000000e+00
7.240041949849203018e-01,3.339631809217196157e-01,1.000000000000000000e+00
1.703483811552102045e+00,-8.864116713735809006e-01,1.000000000000000000e+00
2.711611553541312780e+00,-2.130284945480545034e+00,1.000000000000000000e+00
-1.087755417808553560e-01,5.571560207810160037e-01,1.000000000000000000e+00
7.267802073980829114e-01,-9.302321346012281111e-01,1.000000000000000000e+00
2.716443294670740638e+00,-2.184687485976621879e+00,1.000000000000000000e+00
2.864942573650391733e+00,-3.267730162074460321e-01,1.000000000000000000e+00
1.717153391712607835e+00,-2.013903355669258044e+00,1.000000000000000000e+00
1.291538673299780893e+00,-7.721010988580265799e-01,1.000000000000000000e+00
1.894028544314012796e+00,-1.240757834521182934e+00,1.000000000000000000e+00
4.630427543546606906e+00,-4.067187862322493075e+00,1.000000000000000000e+00
2.221311264044447675e+00,-2.318719626388583421e-01,1.000000000000000000e+00
-4.849018973628997919e-01,4.707980383340761854e-01,1.000000000000000000e+00
1.948212553834992589e+00,-5.827910563768503582e-01,1.000000000000000000e+00
2.935165306392844897e+00,-1.932557757632769047e+00,1.000000000000000000e+00
8.829143405102546360e-01,-1.409145850994033999e+00,1.000000000000000000e+00
1.352528740811698604e+00,-1.624971141687554743e+00,1.000000000000000000e+00
1.737622641108140575e+00,-3.337000837698355760e+00,1.000000000000000000e+00
2.593214048532698879e+00,-2.306482904036880832e+00,1.000000000000000000e+00
1.641003774621343947e+00,-7.361168326185292266e-01,1.000000000000000000e+00
4.439202617490519920e+00,-3.316651838426040833e+00,1.000000000000000000e+00
2.676293866555698564e+00,-1.455996810311717571e+00,1.000000000000000000e+00
2.144454352059637525e+00,5.619893194589411500e-01,1.000000000000000000e+00
9.125043992420911465e-02,1.254957832660438921e+00,1.000000000000000000e+00
1.176789297893428898e+00,-1.610775589329716873e+00,1.000000000000000000e+00
3.077264651236439885e-01,-5.853759286992267219e-01,1.000000000000000000e+00
4.697748262752050152e+00,-3.709988857366549375e+00,1.000000000000000000e+00
3.297482008662404596e+00,-1.892459486385763556e+00,1.000000000000000000e+00
7.066228940832670613e-01,-1.743333818894996945e+00,1.000000000000000000e+00
4.388118106359724990e+00,-5.972822229600025068e+00,1.000000000000000000e+00
1.394725316765214718e+00,-2.104612332863747604e+00,1.000000000000000000e+00
1.948715989978379914e+00,-3.182697444452644131e+00,1.000000000000000000e+00
2.104972458369132049e+00,-1.237561569802871464e+00,1.000000000000000000e+00
3.666793307494081500e+00,-1.529352449952704918e+00,1.000000000000000000e+00
1.008412956128815097e+00,9.033407687415460074e-01,1.000000000000000000e+00
3.404351342584400975e+00,-4.655569049616090638e+00,1.000000000000000000e+00
1.373972414569263112e+00,-1.251257599561995004e+00,1.000000000000000000e+00
3.341428174845259669e+00,-1.782960538994780908e+00,1.000000000000000000e+00
2.556281903230936958e+00,-1.450382394897056226e-01,1.000000000000000000e+00
3.596760892540973753e+00,-1.465163947335324623e+00,1.000000000000000000e+00
3.812308487926388878e+00,-1.583357425099165772e+00,1.000000000000000000e+00
1.540083677138008422e+00,-1.798287791333747165e+00,1.000000000000000000e+00
3.759533192678064850e+00,-4.017721082193132176e+00,1.000000000000000000e+00
3.068410227168530291e+00,-1.471736628953685733e+00,1.000000000000000000e+00
2.055102476814279377e+00,-1.898210508257300422e+00,1.000000000000000000e+00
9.301166564955296590e-01,-9.016208075675469225e-02,1.000000000000000000e+00
3.220422841262029046e+00,-2.070822824691053388e+00,1.000000000000000000e+00
3.184536902028269445e+00,-1.905225653943545039e+00,1.000000000000000000e+00
2.711723651719524675e+00,-2.493496330047628273e+00,1.000000000000000000e+00
-1.137464005286620283e+00,-2.159449533182145942e+00,1.000000000000000000e+00
-6.057554612736022470e-01,-2.630082751776474215e+00,1.000000000000000000e+00
-1.020187674470003136e+00,-2.695248024212654858e+00,1.000000000000000000e+00
-1.561937600572973484e-01,-2.322156963469427904e+00,1.000000000000000000e+00
-1.019115189399089516e+00,-3.075959980212829681e+00,1.000000000000000000e+00
-4.504564887224586922e-01,-1.794260873747791418e+00,1.000000000000000000e+00
-1.557252953862968248e+00,-2.301356389592883023e+00,1.000000000000000000e+00
-6.871490683123804288e-02,-3.038969634107611562e+00,1.000000000000000000e+00
-1.836726081725879034e+00,-3.857156503367786815e+00,1.000000000000000000e+00
-1.914687668843856994e+00,-2.268685563589099008e+00,1.000000000000000000e+00
-1.385145799604591055e+00,-2.355039019883651275e+00,1.000000000000000000e+00
-3.348484628333842084e-01,-1.462784155454103452e+00,1.000000000000000000e+00
-1.172339811755136463e+00,-2.059193232294705300e+00,1.000000000000000000e+00
-2.368194555504382626e-01,-2.337959393913155104e+00,1.000000000000000000e+00
-9.196007829166076286e-01,-2.439862473683982902e+00,1.000000000000000000e+00
-1.214503520070823850e+00,-1.997081776803058872e+00,1.000000000000000000e+00
1.703535010488931301e-01,-1.683486845970915802e+00,1.000000000000000000e+00
-1.246420794603246396e+00,-1.047815667250015181e+00,1.000000000000000000e+00
-1.005948013889611747e+00,-1.538027927025669594e+00,1.000000000000000000e+00
-1.208145614177915217e+00,-2.865004264337981166e+00,1.000000000000000000e+00
-1.480993495556544026e+00,-2.203523842673757560e+00,1.000000000000000000e+00
-1.301776337802615258e+00,-2.787599055175714824e+00,1.000000000000000000e+00
-7.706861201349554102e-01,-1.828279844608397653e+00,1.000000000000000000e+00
-1.691922907520351682e+00,-2.500301878882838835e+00,1.000000000000000000e+00
-7.520006959288320081e-01,-2.898351253672571737e+00,1.000000000000000000e+00
-1.658897487695942585e+00,-4.033562706644964635e+00,1.000000000000000000e+00
-2.058151828112900983e+00,-2.020941771354223260e+00,1.000000000000000000e+00
-6.078349370667467388e-01,-1.637814778122801851e+00,1.000000000000000000e+00
-2.304443360973126964e+00,-2.792433695026399043e+00,1.000000000000000000e+00
-1.135789655834901657e+00,-2.504396087359707757e+00,1.000000000000000000e+00
-1.103609803455741778e-01,-1.944699614599171955e+00,1.000000000000000000e+00
-1.618110511317455202e+00,-1.875195431093904075e+00,1.000000000000000000e+00
-2.486949235819804649e+00,-1.917451131501339390e+00,1.000000000000000000e+00
-1.459362611528669529e-01,-2.401344411016070879e+00,1.000000000000000000e+00
5.977740415335530688e-02,-1.794858547526963388e+00,1.000000000000000000e+00
-2.268295607676251713e-02,-1.533245632346827758e+00,1.000000000000000000e+00
4.295730927340314365e-01,-6.497820410557640924e-01,1.000000000000000000e+00
4.252991565607056046e-02,-1.259606472091231222e+00,1.000000000000000000e+00
-8.438618082602813431e-01,-1.722249976608986710e+00,1.000000000000000000e+00
-1.769731080297749948e+00,-2.257096521678940704e+00,1.000000000000000000e+00
-7.761968156502110361e-01,-3.350282678514016954e+00,1.000000000000000000e+00
-1.297139222061137298e+00,-1.926062581878042579e+00,1.000000000000000000e+00
-2.710877796069627310e-01,-1.268913572633150411e+00,1.000000000000000000e+00
-1.340189006599608490e+00,-2.696663152909919869e+00,1.000000000000000000e+00
-1.288418845475938657e+00,-3.106115885320909431e+00,1.000000000000000000e+00
-8.334570266952959772e-01,-2.550585172955137203e+00,1.000000000000000000e+00
-1.707621690772641809e+00,-3.888976460047703032e+00,1.000000000000000000e+00
-3.418820029533403693e-01,-2.560331494586906675e+00,1.000000000000000000e+00
-9.142749240135357169e-01,-3.093984667811136013e+00,1.000000000000000000e+00
-1.711579483541174174e+00,-2.150124824062783269e+00,1.000000000000000000e+00
4.367100350848674983e-01,-1.675916658502082157e+00,1.000000000000000000e+00
-2.506188067049531121e+00,-2.887192577292078788e+00,1.000000000000000000e+00
-1.129731244456758654e+00,-1.671467651143794253e+00,1.000000000000000000e+00
-2.531699924397195822e+00,-1.791447183482215877e+00,1.000000000000000000e+00
8.196477720792577637e-01,-1.246407718867849734e+00,1.000000000000000000e+00
-1.009718588770798009e+00,-1.987323427549632093e+00,1.000000000000000000e+00
-5.011436577969934358e-01,-2.349122700157933785e+00,1.000000000000000000e+00
-9.926876806142238552e-01,-1.524711509673324805e+00,1.000000000000000000e+00
6.109055212596536943e-02,-2.186049370414651527e+00,1.000000000000000000e+00
-1.015537027183219809e+00,-1.331582677640638313e+00,1.000000000000000000e+00
-7.953406124848790837e-01,-2.545132134100934085e+00,1.000000000000000000e+00
-1.756582327910300112e+00,-3.052505454742508562e+00,1.000000000000000000e+00
-2.714568958965654089e-01,-2.131985975646770282e+00,1.000000000000000000e+00
-1.423930280450379282e+00,-2.617336536639180977e+00,1.000000000000000000e+00
-7.778478780808134596e-01,-2.353625680205303272e+00,1.000000000000000000e+00
-7.636211917870074917e-01,-2.335717253474576260e+00,1.000000000000000000e+00
-5.845965153306953432e-01,-1.181472262962456554e+00,1.000000000000000000e+00
-8.891152467529983561e-02,-2.118489540511455438e+00,1.000000000000000000e+00
-7.183240367968031226e-01,-2.877823460916976828e+00,1.000000000000000000e+00
-1.168394885948369488e+00,-1.621654500366717766e+00,1.000000000000000000e+00
-1.709819790723950739e+00,-2.845148220130342853e+00,1.000000000000000000e+00
-1.591915426358122776e+00,-3.206735399992643121e+00,1.000000000000000000e+00
-2.512762312509621232e+00,-3.297250173136346607e+00,1.000000000000000000e+00
-1.220832511679270205e+00,-3.143943470795213191e+00,1.000000000000000000e+00
-5.706432950782809321e-01,-1.883844305780276507e+00,1.000000000000000000e+00
-4.150474167926689884e-01,-7.647313196073598496e-01,1.000000000000000000e+00
-7.118697341376500898e-01,-2.692818881816180898e+00,1.000000000000000000e+00
-1.229021340083507274e+00,-2.748209329830645586e+00,1.000000000000000000e+00
-1.711631114413916244e+00,-2.430380672794164809e+00,1.000000000000000000e+00
-4.511524547393263584e-01,-2.458010824375701286e+00,1.000000000000000000e+00
-1.277378000724635143e+00,-2.383241539833584000e+00,1.000000000000000000e+00
-2.278186177312653715e+00,-2.340886563701350731e+00,1.000000000000000000e+00
-6.349601177390988838e-01,-1.850953508686951743e+00,1.000000000000000000e+00
-1.472223784045173733e+00,-2.683434154378288028e+00,1.000000000000000000e+00
1.648507091645249334e-01,-1.835864334276045007e+00,1.000000000000000000e+00
-1.405054270620738288e+00,-3.170455725112574896e+00,1.000000000000000000e+00
-1.989137653815701512e+00,-1.700984164444184543e+00,1.000000000000000000e+00
-1.000787927670102606e-01,-2.010105270600622163e+00,1.000000000000000000e+00
-6.789750569304793260e-01,-2.471180755120939931e+00,1.000000000000000000e+00
-3.273819494023977317e-02,-1.563721849638160633e+00,1.000000000000000000e+00
-6.069536173886500574e-01,-6.127046782377242318e-01,1.000000000000000000e+00
-8.133076839836910210e-01,-2.804579312737542462e+00,1.000000000000000000e+00
-1.083901451562952589e+00,-2.368147521326156468e+00,1.000000000000000000e+00
5.476293550410568090e-01,-1.909163130784160334e+00,1.000000000000000000e+00
-1.847103677162535984e-01,-3.150048618284354340e+00,1.000000000000000000e+00
-2.261622060206766260e+00,-1.808783452203386322e+00,1.000000000000000000e+00
-1.917646346282617653e+00,-1.995911062816768222e+00,1.000000000000000000e+00
-4.545512346977402807e-01,-1.740246680888607012e+00,1.000000000000000000e+00
-6.951356192468711725e-01,-2.392129034966127055e+00,1.000000000000000000e+00
-5.840243957371296091e-01,-1.180860444310940061e+00,1.000000000000000000e+00
-1.326141690230162151e+00,-2.563132409861063721e+00,1.000000000000000000e+00
-1.788522970918939858e+00,-1.318653542601072148e+00,1.000000000000000000e+00
-1.086769960681913227e+00,-1.745134999113231222e+00,1.000000000000000000e+00
6.809613711855955209e-02,-2.205312732607139115e+00,1.000000000000000000e+00
-5.127357894723261200e-01,-1.169837598321151528e+00,1.000000000000000000e+00
-5.104279831275919666e-01,-2.292854402989819462e+00,1.000000000000000000e+00
1.514407863602248439e-01,-2.370729273396682935e+00,1.000000000000000000e+00
-2.225371364992298595e+00,-2.600741332677074524e+00,1.000000000000000000e+00
-9.999507210486587860e-01,-1.762079577541114439e+00,1.000000000000000000e+00
3.886540420339835711e-01,-1.515235728031374407e+00,1.000000000000000000e+00
-7.122033946064120213e-01,-3.581421107947287297e+00,1.000000000000000000e+00
1.964968100568506015e-01,-2.411547640520191660e+00,1.000000000000000000e+00
-1.772984205060881724e+00,-3.050119928023239613e+00,1.000000000000000000e+00
-1.017616504549720080e+00,-2.979257964553516658e+00,1.000000000000000000e+00
-2.118578960376353404e+00,-3.511807960339415668e+00,1.000000000000000000e+00
-1.160304289699328972e+00,-1.817856355017811065e+00,1.000000000000000000e+00
-7.565885953598474600e-01,-2.894634734753529504e+00,1.000000000000000000e+00
-1.344060014144747406e+00,-2.017707794269809618e+00,1.000000000000000000e+00
-1.007621991104206582e+00,-2.241197063395387712e+00,1.000000000000000000e+00
-1.666199327010188025e+00,-1.615083092989643587e+00,1.000000000000000000e+00
-1.078600068203162898e+00,-2.822213470046915251e+00,1.000000000000000000e+00
-1.213519193996896561e+00,-2.486085820360104837e+00,1.000000000000000000e+00
3.606855219903198906e-01,-1.301156377228630756e+00,1.000000000000000000e+00
-1.944826744647376593e+00,-2.407129496560308279e+00,1.000000000000000000e+00
-4.194072530203152294e-02,-4.925800752183034925e-01,1.000000000000000000e+00
-9.901609140137399567e-01,-2.594079453167164928e+00,1.000000000000000000e+00
-1.541313519297529577e+00,-2.692927919314624496e+00,1.000000000000000000e+00
-1.329094026710453402e-01,-1.086660989940090083e+00,1.000000000000000000e+00
-1.425605862100631338e+00,-2.749340719756561136e+00,1.000000000000000000e+00
-1.204210235762299464e+00,-2.798780420255287726e+00,1.000000000000000000e+00
-8.169275082457547743e-01,-2.066341037503880873e+00,1.000000000000000000e+00
-2.058517870784207560e+00,-3.421016806993558923e+00,1.000000000000000000e+00
-6.506995537210421565e-01,-2.401168360167277083e+00,1.000000000000000000e+00
-1.809896801087508056e+00,-1.361064594521417037e+00,1.000000000000000000e+00
-7.202752062475470396e-01,-3.448284721369585082e+00,1.000000000000000000e+00
1.554353718992750322e-01,-2.528017426648325738e+00,1.000000000000000000e+00
-6.172298038762593642e-01,-2.258181430502152143e+00,1.000000000000000000e+00
-1.902656170506245470e+00,-2.477821493751333648e+00,1.000000000000000000e+00
-2.196067593814880148e+00,-2.336358335368719619e+00,1.000000000000000000e+00
-4.930901904262738333e-01,-1.519157637028337948e+00,1.000000000000000000e+00
-1.483656210440502665e+00,-2.441775382552317186e+00,1.000000000000000000e+00
9.111736058281993955e-02,-1.358387854119315952e+00,1.000000000000000000e+00
-9.421654744448082486e-02,-2.187371635035856077e+00,1.000000000000000000e+00
-6.343944368792551192e-01,-2.108666863692797655e+00,1.000000000000000000e+00
-4.638797013057037733e-01,-2.246235639645092430e+00,1.000000000000000000e+00
-6.575773086885908780e-01,-2.311385163688237654e+00,1.000000000000000000e+00
9.540451607361905006e-01,-9.437632828244203465e-01,1.000000000000000000e+00
-1.260089702066846229e+00,-2.378303657861739584e+00,1.000000000000000000e+00
-1.111831034959436248e+00,-2.951345880065811222e+00,1.000000000000000000e+00
-1.778711975319243521e+00,-2.986577414142537634e+00,1.000000000000000000e+00
-3.550771414290191386e-01,-1.830829425622294560e-01,1.000000000000000000e+00
2.109577068284230750e-01,-1.399235294504210358e+00,1.000000000000000000e+00
-6.931237750401255671e-01,-2.302202243256483705e+00,1.000000000000000000e+00
-7.184127317208724994e-01,-1.582935256561112780e+00,1.000000000000000000e+00
-1.060459230158453892e+00,-2.852785069402056894e+00,1.000000000000000000e+00
-7.333169594969468630e-01,-2.102788354291700745e+00,1.000000000000000000e+00
-1.007611758211204966e+00,-2.702908262802816264e+00,1.000000000000000000e+00
-3.484482539634113918e-01,-1.319452294010971638e+00,1.000000000000000000e+00
-2.134211889525085004e-01,-1.373788652425133483e+00,1.000000000000000000e+00
-1.279322498032213762e+00,-2.936030982988850013e+00,1.000000000000000000e+00
4.957161452171710003e-02,-1.920539968664134900e+00,1.000000000000000000e+00
-1.132750227671553978e+00,-2.068619883454670738e+00,1.000000000000000000e+00
2.601798270156574500e-02,-1.437319836120583894e+00,1.000000000000000000e+00
-2.132658417619187396e+00,-1.597502812247659776e+00,1.000000000000000000e+00
1.653153661717677858e-01,-3.103905538908219075e+00,1.000000000000000000e+00
-1.281320199791216918e+00,-2.728751445512764828e+00,1.000000000000000000e+00
-6.195391539926137225e-01,-1.551614189151790280e+00,1.000000000000000000e+00
-2.817458014864028248e-01,-2.962413196864908116e+00,1.000000000000000000e+00
-1.531359559507308621e+00,-2.090117087752727976e+00,1.000000000000000000e+00
-1.828076010700258047e+00,-2.733733123943151266e+00,1.000000000000000000e+00
-2.289110486304217762e+00,-2.877730965233165072e+00,1.000000000000000000e+00
-1.349030765606847870e-01,-1.811984182691677603e+00,1.000000000000000000e+00
-1.227084043849845596e+00,-3.255073706164122616e+00,1.000000000000000000e+00
-1.356816624683742312e+00,-1.875492599062383192e+00,1.000000000000000000e+00
-1.250230250503067353e+00,-1.045189644630332815e+00,1.000000000000000000e+00
-3.214833257423501678e-01,-1.693738068711758915e+00,1.000000000000000000e+00
-1.291562354388194667e+00,-2.299602104846876216e+00,1.000000000000000000e+00
-9.983792288526035508e-01,-2.039682545756158039e+00,1.000000000000000000e+00
-1.741096931413187221e+00,-2.226833257084754436e+00,1.000000000000000000e+00
-8.029652527234102388e-01,-3.611926327789920510e+00,1.000000000000000000e+00
-1.415898168516630307e+00,-2.255538152702346810e+00,1.000000000000000000e+00
-1.011009154697083412e-01,-2.541286362223567519e+00,1.000000000000000000e+00
-4.424588884165576164e-01,-1.218821448736474355e+00,1.000000000000000000e+00
-5.292938023775166645e-01,-1.046896288630068117e+00,1.000000000000000000e+00
1.091430524547142289e-01,-2.078482941371300630e+00,1.000000000000000000e+00
-1.917052164948222170e+00,-2.505265017306374631e+00,1.000000000000000000e+00
-7.803743043021589276e-01,-2.719218302138728838e+00,1.000000000000000000e+00
-1.304091862538322655e+00,-1.860349604184829531e+00,1.000000000000000000e+00
4.848431422202587049e-01,-1.959119961946888200e+00,1.000000000000000000e+00
-1.046724188345481643e+00,-2.784989910863964191e+00,1.000000000000000000e+00
-4.057033235829732298e-02,-1.785641813938906086e+00,1.000000000000000000e+00
-1.231765131299732419e+00,-2.731311723674944680e+00,1.000000000000000000e+00
-2.359856706622665001e-02,-2.339505351824463730e+00,1.000000000000000000e+00
4.964794352822933243e-01,-1.890909103758408261e+00,1.000000000000000000e+00
-1.109564457393435566e+00,-3.557308096501737182e+00,1.000000000000000000e+00
-1.008685231322018927e+00,-1.607696228846190678e+00,1.000000000000000000e+00
-1.701358893363219771e+00,-2.342901740987758163e+00,1.000000000000000000e+00
-1.041750606421501635e+00,-2.129393173941951822e+00,1.000000000000000000e+00
-1.548026673708078338e-01,-1.933499990597405294e+00,1.000000000000000000e+00
2.837665144451083643e-01,-1.804207645901115376e+00,1.000000000000000000e+00
-8.262010404538636665e-01,-9.379205895340708699e-01,1.000000000000000000e+00
-7.140854200108897043e-01,-2.431086971365555627e+00,1.000000000000000000e+00
-1.019091082893572642e+00,-2.940329813042591223e+00,1.000000000000000000e+00
4.007739452427273585e-01,-5.527624328045851465e-01,1.000000000000000000e+00
-4.443373964073024096e-01,-3.022506313710020098e+00,1.000000000000000000e+00
-7.859998270050695401e-01,-3.555882631079807954e+00,1.000000000000000000e+00
-4.357490834333158647e-01,-2.108997718717633862e+00,1.000000000000000000e+00
-2.692437259854053577e-01,-1.490150910398122086e+00,1.000000000000000000e+00
-6.053790161280225846e-01,-1.573375317655540506e+00,1.000000000000000000e+00
-6.229222149707709377e-01,-2.050511768089780862e+00,1.000000000000000000e+00
-7.257877420224803089e-01,-2.521309928823237456e+00,1.000000000000000000e+00
-1.118404221521799746e+00,-2.167164284104459604e+00,1.000000000000000000e+00
-6.405122348821196132e-01,-1.837794399110947108e+00,1.000000000000000000e+00
-4.133868399992725595e-01,-2.250159940929532976e+00,1.000000000000000000e+00
-1.062478131849851737e+00,-3.304801670592456997e+00,1.000000000000000000e+00
-1.762313174212313260e-01,-2.057615505668339839e+00,1.000000000000000000e+00
2.091392585400463355e-01,-1.700204354192413003e+00,1.000000000000000000e+00
-1.712080389693833915e+00,-2.751484720464721700e+00,1.000000000000000000e+00
-2.050438111355438853e+00,-2.282926207762005610e+00,1.000000000000000000e+00
-3.237666585240146500e-01,-1.726523196280873140e+00,1.000000000000000000e+00
-1.763190542956931450e+00,-2.594375134414280915e+00,1.000000000000000000e+00
-9.280162314222454301e-01,-1.553242682748411596e+00,1.000000000000000000e+00
-6.069760083080765201e-01,-2.945285947613014876e+00,1.000000000000000000e+00
-1.148442473111960460e+00,-2.948060611581848622e+00,1.000000000000000000e+00
-9.514782521531843784e-01,-1.882910485797186340e+00,1.000000000000000000e+00
-1.386446628564909300e+00,-2.594489704500868577e+00,1.000000000000000000e+00
-4.644479606609395739e-01,-2.585061511790714306e+00,1.000000000000000000e+00
-1.053783581786571277e+00,-1.759137532440294027e+00,1.000000000000000000e+00
-1.509891085630235441e+00,-2.768609144389121646e+00,1.000000000000000000e+00
-5.608798284285836377e-01,-1.191145966567105141e+00,1.000000000000000000e+00
-1.506197619583320435e-01,-3.400024641055739760e+00,1.000000000000000000e+00
-7.417562740199737936e-01,-1.892033062236174734e+00,1.000000000000000000e+00
-1.989411703874632398e+00,-3.025516679719429725e+00,1.000000000000000000e+00
-4.327436711718777307e-01,-7.604316701465941852e-01,1.000000000000000000e+00
-1.528167025722937389e+00,-3.209068808574441878e+00,1.000000000000000000e+00
-1.499959321594066086e+00,-2.660277536988138625e+00,1.000000000000000000e+00
-4.658266054680894608e-01,-1.773136981604336970e+00,1.000000000000000000e+00
-1.288249503003728647e+00,-1.933544863231805078e+00,1.000000000000000000e+00
-1.733948976497231342e+00,-1.958769298634039480e+00,1.000000000000000000e+00
-7.377146245845397354e-01,-1.985420879140776140e+00,1.000000000000000000e+00
-1.185305708996255536e+00,-8.603314001274052769e-01,1.000000000000000000e+00
-1.478268282074781226e+00,-2.135379592511765789e+00,1.000000000000000000e+00
-1.949839885319648580e+00,-2.788513501663449912e+00,1.000000000000000000e+00
-4.881013658909573727e-01,-2.014725512099547089e+00,1.000000000000000000e+00
-1.836090793979515468e+00,-2.542328206792116241e+00,1.000000000000000000e+00
-1.109131682063965618e+00,-3.460758960799291017e+00,1.000000000000000000e+00
-1.026991671828982877e+00,-3.535180254691029145e+00,1.000000000000000000e+00
-1.278125405865010666e+00,-3.641101833002181376e+00,1.000000000000000000e+00
-1.953272628801840050e+00,-3.191973135761025482e+00,1.000000000000000000e+00
-1.388854012341468547e+00,-9.707259239586537580e-01,1.000000000000000000e+00
-1.282484698899666320e-01,-1.353018817188806011e+00,1.000000000000000000e+00
-6.854559685689154414e-01,-1.983787866240928732e+00,1.000000000000000000e+00
-7.549771167098544566e-01,-9.839109902884789483e-01,1.000000000000000000e+00
-8.747616950762152621e-01,-2.098224884528581580e+00,1.000000000000000000e+00
-5.924431765909333736e-01,-1.484897463323165079e+00,1.000000000000000000e+00
-3.786697142668714600e-01,-1.577435030687880824e+00,1.000000000000000000e+00
1.409788150615683966e-01,-2.397282831175403750e+00,1.000000000000000000e+00
-1.408717870299795560e+00,-1.925685825988169508e+00,1.000000000000000000e+00
-1.115392884179928101e+00,-1.555433051262525179e+00,1.000000000000000000e+00
-1.126927305374896715e+00,-3.433125486473185273e+00,1.000000000000000000e+00
-2.178458977418070930e+00,-2.373903335853843721e+00,1.000000000000000000e+00
-9.761961997005014213e-01,-2.019219850060621990e+00,1.000000000000000000e+00
-1.646442617683088638e+00,-2.076971669273054211e+00,1.000000000000000000e+00
-5.699650511613444381e-01,-1.707881263353919099e+00,1.000000000000000000e+00
-7.651553396390936568e-01,-2.660477310651987892e+00,1.000000000000000000e+00
-4.374036045548411189e-01,-2.394149919093039092e+00,1.000000000000000000e+00
-1.551411463508310495e+00,-2.585331024668576561e+00,1.000000000000000000e+00
-4.348167923065249796e-01,-1.054684337345425327e+00,1.000000000000000000e+00
-1.481604827907385014e+00,-2.341597361347375728e+00,1.000000000000000000e+00
5.160237579995256008e-01,-1.646178098824548908e+00,1.000000000000000000e+00
-1.481958239793751186e+00,-1.664225982871180953e+00,1.000000000000000000e+00
-1.435539560651071689e+00,-3.264122063109561989e+00,1.000000000000000000e+00
-1.442430391585247218e+00,-1.730707785546848232e+00,1.000000000000000000e+00
-2.306658741660638778e-02,-1.377527274304298777e+00,1.000000000000000000e+00
4.443268819555675764e-01,-1.548123217728418766e+00,1.000000000000000000e+00
1.477335088552390596e-01,-1.594193142841542787e+00,1.000000000000000000e+00
-4.491934422738889654e-01,-2.437792717980377333e+00,1.000000000000000000e+00
-1.461336818565592832e-01,-1.892584815778425966e+00,1.000000000000000000e+00
3.567666075862861996e-01,-1.897990605491513882e+00,1.000000000000000000e+00
-6.461419005476918276e-01,-2.427238123017708471e+00,1.000000000000000000e+00
2.010706175709237042e-01,-1.797987711129978017e+00,1.000000000000000000e+00
-9.878765686917445610e-01,-2.585687055819271496e+00,1.000000000000000000e+00
-1.186978734441245020e+00,-2.328037612136917289e+00,1.000000000000000000e+00
-1.825610471932904488e+00,-2.831524888591375078e+00,1.000000000000000000e+00
-4.017497746010707527e-01,-1.840842302505588446e+00,1.000000000000000000e+00
-3.949628326759612174e-01,-1.540404867965250890e+00,1.000000000000000000e+00
-9.081650928250845078e-01,-1.984548410330666979e+00,1.000000000000000000e+00
-3.603815830035141943e-01,-3.270955180339524482e+00,1.000000000000000000e+00
-9.261997701082180789e-01,-3.056165218167950837e+00,1.000000000000000000e+00
-7.515047227233776495e-01,-1.716549207031257795e+00,1.000000000000000000e+00
-3.367167493011635759e-01,-2.456782280795350104e+00,1.000000000000000000e+00
2.467493573812210572e-01,-6.471672447976538622e-01,1.000000000000000000e+00
-1.050085278850620085e+00,-2.203658577501354632e+00,1.000000000000000000e+00
-2.124629505055354972e+00,-3.494362117300326975e+00,1.000000000000000000e+00
-9.862440402879057988e-01,-1.169566726481757080e+00,1.000000000000000000e+00
-1.116140116205138977e+00,-1.466390396478945313e+00,1.000000000000000000e+00
-1.171306347592009356e+00,-2.574779072122622026e+00,1.000000000000000000e+00
-3.984496275434091794e-01,-3.396573932111766059e+00,1.000000000000000000e+00
-3.303236181682688288e-01,-1.690163177661493599e+00,1.000000000000000000e+00
-7.718676636192700613e-02,-1.582935194602946405e+00,1.000000000000000000e+00
-7.408563641937527144e+00,-4.177078163992521631e+00,-1.000000000000000000e+00
-5.665270126971293507e+00,-5.384349684858744212e+00,-1.000000000000000000e+00
-4.727641435650154378e+00,-6.517322271095284059e+00,-1.000000000000000000e+00
-5.946955189490816807e+00,-5.396502784141852693e+00,-1.000000000000000000e+00
-4.080392813109941841e+00,-6.110872378509599301e+00,-1.000000000000000000e+00
-6.355536004829044572e+00,-5.674580881307788260e+00,-1.000000000000000000e+00
-6.508490820057215132e+00,-6.724002991826128373e+00,-1.000000000000000000e+00
-4.215434186537653893e+00,-6.238895177248358515e+00,-1.000000000000000000e+00
-5.166463823003666356e+00,-5.905447176996784897e+00,-1.000000000000000000e+00
-6.886768803002568440e+00,-5.198216118803656194e+00,-1.000000000000000000e+00
-2.872580322071823122e+00,-7.210702385137255810e+00,-1.000000000000000000e+00
-5.462968535642364287e+00,-5.982332141842477746e+00,-1.000000000000000000e+00
-7.530068896850981019e+00,-6.302613325264595723e+00,-1.000000000000000000e+00
-5.516622851479976219e+00,-4.116563978376445831e+00,-1.000000000000000000e+00
-5.013452832566294148e+00,-5.490183439783995922e+00,-1.000000000000000000e+00
-6.868030572238177811e+00,-4.816418392635717360e+00,-1.000000000000000000e+00
-5.434226625543578493e+00,-6.480564844527555657e+00,-1.000000000000000000e+00
-6.466971340308771410e+00,-4.630838244471009446e+00,-1.000000000000000000e+00
-5.514901602153742033e+00,-6.915274987124969464e+00,-1.000000000000000000e+00
-3.806251976661687131e+00,-4.891102763874576098e+00,-1.000000000000000000e+00
-4.849818837528606430e+00,-3.650191134730903286e+00,-1.000000000000000000e+00
-6.323156352913447797e+00,-4.859252332842415534e+00,-1.000000000000000000e+00
-5.819701700639205555e+00,-4.544598824978465679e+00,-1.000000000000000000e+00
-3.946762180880723392e+00,-4.312203561814985875e+00,-1.000000000000000000e+00
-6.073295645224032313e+00,-6.150162677411698198e+00,-1.000000000000000000e+00
-5.777334454609194481e+00,-4.471168240345272160e+00,-1.000000000000000000e+00
-4.555931878874455165e+00,-5.625961779521759354e+00,-1.000000000000000000e+00
-5.316312298664944258e+00,-6.333351113355085715e+00,-1.000000000000000000e+00
-5.043493073854913966e+00,-5.178318485650992287e+00,-1.000000000000000000e+00
-4.598352296600547007e+00,-5.985654434896718001e+00,-1.000000000000000000e+00
-5.865668321556243292e+00,-6.401964965140142461e+00,-1.000000000000000000e+00
-5.057230482212167644e+00,-7.174334662384920236e+00,-1.000000000000000000e+00
-3.733554367117668527e+00,-5.707693133476736236e+00,-1.000000000000000000e+00
-5.563963742736313556e+00,-5.530444027993785205e+00,-1.000000000000000000e+00
-7.688281197230008246e+00,-5.857284509704399511e+00,-1.000000000000000000e+00
-4.756628496805977768e+00,-5.842115090032374169e+00,-1.000000000000000000e+00
-4.130881771781455214e+00,-7.008441699818741988e+00,-1.000000000000000000e+00
-4.744156878564012025e+00,-5.772243794322342580e+00,-1.000000000000000000e+00
-4.601879880251901866e+00,-4.134582292884868338e+00,-1.000000000000000000e+00
-7.273881949969390526e+00,-5.693789622228962344e+00,-1.000000000000000000e+00
-5.612192610756295608e+00,-6.021627013645179716e+00,-1.000000000000000000e+00
-1.014255950962600750e+01,-4.907827907102711329e+00,-1.000000000000000000e+00
-6.974167779245973087e+00,-7.099900255085791478e+00,-1.000000000000000000e+00
-5.101814008398966926e+00,-3.981076222201735959e+00,-1.000000000000000000e+00
-4.992251790440976222e+00,-4.856958433920497420e+00,-1.000000000000000000e+00
-5.995367608433345374e+00,-5.903568484658253901e+00,-1.000000000000000000e+00
-5.859369273813732626e+00,-6.140013669856873690e+00,-1.000000000000000000e+00
-5.754059682271586595e+00,-6.950541000042623985e+00,-1.000000000000000000e+00
-7.708937521139785254e+00,-5.004391675813603335e+00,-1.000000000000000000e+00
-6.576787337579331094e+00,-6.071116917958913284e+00,-1.000000000000000000e+00
-7.232157027450683451e+00,-5.124495930497827700e+00,-1.000000000000000000e+00
-6.546012134484390899e+00,-7.056877752417422656e+00,-1.000000000000000000e+00
-5.584284871198899936e+00,-3.836556869264075686e+00,-1.000000000000000000e+00
-5.129113255608713118e+00,-6.379370247407182504e+00,-1.000000000000000000e+00
-4.592336427642953467e+00,-6.053339485766025874e+00,-1.000000000000000000e+00
-5.674774211185102502e+00,-4.917648526767917971e+00,-1.000000000000000000e+00
-6.833204757308510402e+00,-5.875843482033813459e+00,-1.000000000000000000e+00
-6.275986038032989711e+00,-5.665276232256590383e+00,-1.000000000000000000e+00
-4.749428525271407686e+00,-6.234431851861935492e+00,-1.000000000000000000e+00
-9.113715255304423835e+00,-1.533227199505215577e+00,-1.000000000000000000e+00
-5.333115097641898394e+00,-4.037961606899326483e+00,-1.000000000000000000e+00
-5.866326816147607204e+00,-5.592797814855078542e+00,-1.000000000000000000e+00
-4.149935361422764757e+00,-7.387263756996680364e+00,-1.000000000000000000e+00
-4.990512005715203259e+00,-5.873410582811350089e+00,-1.000000000000000000e+00
-6.147535157821691243e+00,-5.985733387902401503e+00,-1.000000000000000000e+00
-5.316567457316397238e+00,-5.986778664702439912e+00,-1.000000000000000000e+00
-4.630480166123704500e+00,-6.789581430772819282e+00,-1.000000000000000000e+00
-5.989210156264041629e+00,-6.748505249820706986e+00,-1.000000000000000000e+00
-5.875031263823005112e+00,-6.384582038428738393e+00,-1.000000000000000000e+00
-7.349819457549290114e+00,-5.034506666079798798e+00,-1.000000000000000000e+00
-5.510433216940480605e+00,-5.283213653598077819e+00,-1.000000000000000000e+00
-7.218831380246148122e+00,-6.621131788680129304e+00,-1.000000000000000000e+00
-5.854467256232245731e+00,-6.470618083074780813e+00,-1.000000000000000000e+00
-5.955414767797194031e+00,-6.039784447023105685e+00,-1.000000000000000000e+00
-6.469515363979952305e+00,-6.231389915259083701e+00,-1.000000000000000000e+00
-5.514310461938526586e+00,-6.319380751673058683e+00,-1.000000000000000000e+00
-6.930773256251289816e+00,-4.623887089736493650e+00,-1.000000000000000000e+00
-6.416652148652493004e+00,-5.551160152755345578e+00,-1.000000000000000000e+00
-5.241662987934122775e+00,-5.284100529802948643e+00,-1.000000000000000000e+00
-6.740986098918402725e+00,-5.079572796126896606e+00,-1.000000000000000000e+00
-6.623188582752762343e+00,-3.856913126953166682e+00,-1.000000000000000000e+00
-3.891063726232173892e+00,-6.102243601456523336e+00,-1.000000000000000000e+00
-5.687977135636300474e+00,-5.233632604215681994e+00,-1.000000000000000000e+00
-7.496917143899556102e+00,-5.649205860341363739e+00,-1.000000000000000000e+00
-3.662081464621171456e+00,-5.530019233267553957e+00,-1.000000000000000000e+00
-5.080830511646560410e+00,-6.636090203030525991e+00,-1.000000000000000000e+00
-6.400720479353809722e+00,-5.966456746863906702e+00,-1.000000000000000000e+00
-4.133401326210149662e+00,-6.382871987170700478e+00,-1.000000000000000000e+00
-4.791220308341985756e+00,-5.475045233287911373e+00,-1.000000000000000000e+00
-5.621971043895733544e+00,-6.363864934703751253e+00,-1.000000000000000000e+00
-5.231512288341896522e+00,-4.788968701918960846e+00,-1.000000000000000000e+00
-7.339603780583808579e+00,-5.904901170985839443e+00,-1.000000000000000000e+00
-9.099741323379642921e+00,-4.230355953726535390e+00,-1.000000000000000000e+00
-4.264942094948462881e+00,-5.446229668433376858e+00,-1.000000000000000000e+00
-4.612431206562908059e+00,-3.980953851022715817e+00,-1.000000000000000000e+00
-6.905642599608042609e+00,-5.213893138989361020e+00,-1.000000000000000000e+00
-7.273626815786749411e+00,-3.959919670151834215e+00,-1.000000000000000000e+00
-4.180969133890023670e+00,-5.488659780864090010e+00,-1.000000000000000000e+00
-5.361879641303468169e+00,-5.879427531478271796e+00,-1.000000000000000000e+00
-6.399319579282105153e+00,-6.163749183209511706e+00,-1.000000000000000000e+00
-4.280320128414932590e+00,-5.968551944285684918e+00,-1.000000000000000000e+00
-5.429497021642662347e+00,-8.383327385219317307e+00,-1.000000000000000000e+00
-4.840921269111929881e+00,-5.721560937741182684e+00,-1.000000000000000000e+00
-5.077473331740922191e+00,-4.648131133227298761e+00,-1.000000000000000000e+00
-6.410787476011819308e+00,-6.043049110838234483e+00,-1.000000000000000000e+00
-6.002345332546214607e+00,-6.932922087875430961e+00,-1.000000000000000000e+00
-7.653071659532720616e+00,-6.039120030882759060e+00,-1.000000000000000000e+00
-4.950361140260297610e+00,-6.166560672228857953e+00,-1.000000000000000000e+00
-6.514365349148543594e+00,-6.740538099905132974e+00,-1.000000000000000000e+00
-4.791892263657036466e+00,-5.813710558658817362e+00,-1.000000000000000000e+00
-6.990290150679326686e+00,-4.613050469487696148e+00,-1.000000000000000000e+00
-6.508024689708837407e+00,-6.804623636950192456e+00,-1.000000000000000000e+00
-5.002684266473104380e+00,-5.445565463541184315e+00,-1.000000000000000000e+00
-6.714714775338197938e+00,-4.202418426688764086e+00,-1.000000000000000000e+00
-5.550738573207224746e+00,-4.471760434145235941e+00,-1.000000000000000000e+00
-9.299601162348935190e+00,-4.402046274369355139e+00,-1.000000000000000000e+00
-4.433049736745317659e+00,-4.718990244914765597e+00,-1.000000000000000000e+00
-6.106458841209128963e+00,-5.302469391867592030e+00,-1.000000000000000000e+00
-6.593714447201116435e+00,-5.836357621344536284e+00,-1.000000000000000000e+00
-5.078359955678200421e+00,-6.729961680666247226e+00,-1.000000000000000000e+00
-7.851596649193282040e+00,-5.994991364360846120e+00,-1.000000000000000000e+00
-6.670536726835517349e+00,-5.698791077661568671e+00,-1.000000000000000000e+00
-5.201288203586464931e+00,-5.119250233081666934e+00,-1.000000000000000000e+00
-6.679284980311443576e+00,-4.776946761066252378e+00,-1.000000000000000000e+00
-3.193687117982355606e+00,-5.294198974108206279e+00,-1.000000000000000000e+00
-7.294134079346091148e+00,-4.721280507877214205e+00,-1.000000000000000000e+00
-5.165242257910599655e+00,-4.059359481088143262e+00,-1.000000000000000000e+00
-6.945527442958895570e+00,-5.021086616637817635e+00,-1.000000000000000000e+00
-5.653085670564469645e+00,-5.843972982794753079e+00,-1.000000000000000000e+00
-6.758455891752295663e+00,-4.026815035670313847e+00,-1.000000000000000000e+00
-3.933237701282564558e+00,-6.045950421092078031e+00,-1.000000000000000000e+00
-7.461385994016047185e+00,-6.264045995898684716e+00,-1.000000000000000000e+00
-6.621290775212851365e+00,-6.965794265816305675e+00,-1.000000000000000000e+00
-6.892438113461901494e+00,-7.140137693555720588e+00,-1.000000000000000000e+00
-5.397444147285206384e+00,-6.398937425745386598e+00,-1.000000000000000000e+00
-4.520100069333002679e+00,-4.743033561973835077e+00,-1.000000000000000000e+00
-6.645994038130295323e+00,-5.550182421199004068e+00,-1.000000000000000000e+00
-4.968715459613036067e+00,-6.237199629640691079e+00,-1.000000000000000000e+00
-4.365351043268114850e+00,-5.308871991099124443e+00,-1.000000000000000000e+00
-7.652146469745742863e+00,-3.560037259573983537e+00,-1.000000000000000000e+00
-6.326245022728588019e+00,-5.474086087006202028e+00,-1.000000000000000000e+00
-4.732622855151957353e+00,-4.336014173830196938e+00,-1.000000000000000000e+00
-4.620894292550571159e+00,-4.580298352266503059e+00,-1.000000000000000000e+00
-4.774592446697779380e+00,-6.394191833899848021e+00,-1.000000000000000000e+00
-3.948336895632859278e+00,-6.349376903628020763e+00,-1.000000000000000000e+00
-3.823593412243311729e+00,-4.878845624878805687e+00,-1.000000000000000000e+00
-6.125749071993077166e+00,-4.859693237406119692e+00,-1.000000000000000000e+00
-6.653381247697638834e+00,-6.252289124738683590e+00,-1.000000000000000000e+00
-5.275517152240464469e+00,-3.967128746153488983e+00,-1.000000000000000000e+00
-6.321601487656240970e+00,-6.343655687240059571e+00,-1.000000000000000000e+00
-4.155194521834134846e+00,-7.133230017914750754e+00,-1.000000000000000000e+00
-3.619627763283610911e+00,-5.832352563786884048e+00,-1.000000000000000000e+00
-7.111161393926249907e+00,-5.799190099435111989e+00,-1.000000000000000000e+00
-6.804774925631329907e+00,-5.649814876535302233e+00,-1.000000000000000000e+00
-5.691384286815857507e+00,-5.248541215724289444e+00,-1.000000000000000000e+00
-5.235350277110199180e+00,-5.432756741961678237e+00,-1.000000000000000000e+00
-3.996577043572655086e+00,-6.367442601368530575e+00,-1.000000000000000000e+00
-6.696884435789396406e+00,-7.201805982864441624e+00,-1.000000000000000000e+00
-4.673009949280610087e+00,-8.038072063551727098e+00,-1.000000000000000000e+00
-6.297880131901166578e+00,-5.193502490137474226e+00,-1.000000000000000000e+00
-6.739907359579907720e+00,-6.446583366415048033e+00,-1.000000000000000000e+00
-6.739968016314774601e+00,-4.094405959494300085e+00,-1.000000000000000000e+00
-4.569544945954895354e+00,-4.998541181883069839e+00,-1.000000000000000000e+00
-6.348909515402349157e+00,-7.103105362779225551e+00,-1.000000000000000000e+00
-3.801517598345318216e+00,-5.838682246996812708e+00,-1.000000000000000000e+00
-5.417994733742424351e+00,-4.868481550857696405e+00,-1.000000000000000000e+00
-5.687328169574330516e+00,-5.356821923025862020e+00,-1.000000000000000000e+00
-7.649996423601645112e+00,-3.211090459958817256e+00,-1.000000000000000000e+00
-5.265331059228029353e+00,-5.461587332225944280e+00,-1.000000000000000000e+00
-6.123853178192194768e+00,-4.632496594152984315e+00,-1.000000000000000000e+00
-6.174998205048640720e+00,-5.884804542086669699e+00,-1.000000000000000000e+00
-6.087676326202394961e+00,-5.915607572406083037e+00,-1.000000000000000000e+00
-7.231251243116624927e+00,-3.582523832368215366e+00,-1.000000000000000000e+00
-5.494889048857409364e+00,-5.290829361546601106e+00,-1.000000000000000000e+00
-5.222400008724351395e+00,-4.649880512515712105e+00,-1.000000000000000000e+00
-6.811350730879853543e+00,-4.480127777229864883e+00,-1.000000000000000000e+00
-6.578696015342484493e+00,-4.504472321252620759e+00,-1.000000000000000000e+00
-6.964090252584916207e+00,-4.440826904204349113e+00,-1.000000000000000000e+00
-6.298138607776133213e+00,-5.907591216907198906e+00,-1.000000000000000000e+00
-4.181342181135298652e+00,-6.421745408341111627e+00,-1.000000000000000000e+00
-5.056601287445536386e+00,-5.888279969975213746e+00,-1.000000000000000000e+00
-7.074500013052383629e+00,-4.749788995908957645e+00,-1.000000000000000000e+00
-5.789565199630128056e+00,-6.446596705602594568e+00,-1.000000000000000000e+00
-3.777559335191589707e+00,-5.240616666684401181e+00,-1.000000000000000000e+00
-4.329198358680839576e+00,-7.270539414930734523e+00,-1.000000000000000000e+00
-3.486361096284339212e+00,-7.067926624628165122e+00,-1.000000000000000000e+00
-5.684898729996302968e+00,-6.042510977140903350e+00,-1.000000000000000000e+00
-6.162512918934936579e+00,-6.224963273909811079e+00,-1.000000000000000000e+00
-4.144878076101290887e+00,-4.560257093853161692e+00,-1.000000000000000000e+00
-5.154781348706984900e+00,-4.975071354889101904e+00,-1.000000000000000000e+00
-4.313512316700419014e+00,-4.683627909890560659e+00,-1.000000000000000000e+00
-7.460568475958170076e+00,-4.494680150315732980e+00,-1.000000000000000000e+00
-4.652221557986934819e+00,-6.065907311870113894e+00,-1.000000000000000000e+00
-5.847707058439823413e+00,-5.304038160622500442e+00,-1.000000000000000000e+00
-5.446931166674955804e+00,-7.302721657205270667e+00,-1.000000000000000000e+00
-6.076639668434655306e+00,-5.442473195787899343e+00,-1.000000000000000000e+00
-5.474600954485200788e+00,-4.691486280708753398e+00,-1.000000000000000000e+00
-3.860531068912790076e+00,-5.526628762744118184e+00,-1.000000000000000000e+00
-5.241292221359552528e+00,-6.258289169358730142e+00,-1.000000000000000000e+00
-4.951481646506250556e+00,-5.911440622554886559e+00,-1.000000000000000000e+00
-4.036840535847678879e+00,-7.045323809571864437e+00,-1.000000000000000000e+00
-4.809036438803418356e+00,-4.787555860944429753e+00,-1.000000000000000000e+00
-5.773794765162386433e+00,-4.877160952752448431e+00,-1.000000000000000000e+00
-6.331833890609781967e+00,-6.370942181861720677e+00,-1.000000000000000000e+00
-7.237011321854339485e+00,-5.704550145160157015e+00,-1.000000000000000000e+00
-5.242101478176159013e+00,-5.669824783461162809e+00,-1.000000000000000000e+00
-7.014397453515732295e+00,-5.161441521648590935e+00,-1.000000000000000000e+00
-7.786336148283327319e+00,-5.146849657385137888e+00,-1.000000000000000000e+00
-6.623018658640706491e+00,-5.151156554697585932e+00,-1.000000000000000000e+00
-7.503040090721371236e+00,-4.490057931284956894e+00,-1.000000000000000000e+00
-3.387419785975505526e+00,-5.687529442329704921e+00,-1.000000000000000000e+00
-6.032089582319656529e+00,-6.017931561416691721e+00,-1.000000000000000000e+00
-7.372155424997894890e+00,-5.112308255142552937e+00,-1.000000000000000000e+00
-6.868293021258666364e+00,-5.813091850150147621e+00,-1.000000000000000000e+00
-4.232909178207196810e+00,-4.522982684196152903e+00,-1.000000000000000000e+00
-5.271126834570849518e+00,-6.436228039184136662e+00,-1.000000000000000000e+00
-3.350236680262847599e+00,-5.154674647260360842e+00,-1.000000000000000000e+00
-6.233214423663953951e+00,-5.110368292579600791e+00,-1.000000000000000000e+00
-7.510395006265096818e+00,-6.058766929635039489e+00,-1.000000000000000000e+00
-5.338268698505009624e+00,-5.899666403918622848e+00,-1.000000000000000000e+00
-3.656517191975271253e+00,-5.323790854162972153e+00,-1.000000000000000000e+00
-6.006914909747205655e+00,-5.796656788507819513e+00,-1.000000000000000000e+00
-6.462713831226616357e+00,-6.002726940527537636e+00,-1.000000000000000000e+00
-4.535252838127500574e+00,-2.722604017369434803e+00,-1.000000000000000000e+00
-5.872102755275781405e+00,-3.836417923314927592e+00,-1.000000000000000000e+00
-5.813567219711243794e+00,-6.330974128239673426e+00,-1.000000000000000000e+00
-6.785422935212421791e+00,-6.439106971625218279e+00,-1.000000000000000000e+00
-3.062653070466267113e+00,-6.215641533433371002e+00,-1.000000000000000000e+00
-6.255233611929736703e+00,-4.492046889309563085e+00,-1.000000000000000000e+00
-5.112188343770064591e+00,-3.906058668001814560e+00,-1.000000000000000000e+00
-6.026119659444782783e+00,-6.021879414786249107e+00,-1.000000000000000000e+00
-2.615205141356163221e+00,-7.235844284268122095e+00,-1.000000000000000000e+00
-6.804121857732657652e+00,-5.055986822559530580e+00,-1.000000000000000000e+00
-6.184610276319076227e+00,-3.039680981227268042e+00,-1.000000000000000000e+00
-5.198121856166620702e+00,-4.623476543754181378e+00,-1.000000000000000000e+00
-3.730613889271587880e+00,-5.571520390793713418e+00,-1.000000000000000000e+00
-6.054915307389542534e+00,-5.668516249491361236e+00,-1.000000000000000000e+00
-5.779245792310952368e+00,-5.742052526976729965e+00,-1.000000000000000000e+00
-5.473846777870763347e+00,-5.535390810958684682e+00,-1.000000000000000000e+00
-6.178027352230047065e+00,-6.557839641136236075e+00,-1.000000000000000000e+00
-6.601633073975398780e+00,-5.784855735445056268e+00,-1.000000000000000000e+00
-7.057937375127266044e+00,-4.968683551005529608e+00,-1.000000000000000000e+00
-6.875756367263716307e+00,-7.113964826421840471e+00,-1.000000000000000000e+00
-4.129437429746775301e+00,-5.462626777500591224e+00,-1.000000000000000000e+00
-5.308004645173213021e+00,-6.364215667037019131e+00,-1.000000000000000000e+00
-5.028930066969742541e+00,-4.574347080421315326e+00,-1.000000000000000000e+00
-5.766307281744122548e+00,-4.254784940590314868e+00,-1.000000000000000000e+00
-5.512928703719252255e+00,-5.500793621524901589e+00,-1.000000000000000000e+00
-4.090087667588413467e+00,-5.239738066991538545e+00,-1.000000000000000000e+00
-5.995344955703149736e+00,-5.428277845163657744e+00,-1.000000000000000000e+00
-5.670901174653435461e+00,-4.164114214855175078e+00,-1.000000000000000000e+00
-4.975542392173707640e+00,-4.296567859675283430e+00,-1.000000000000000000e+00
-4.786573496778439463e+00,-5.656343287796913089e+00,-1.000000000000000000e+00
-8.299898723977079840e+00,-4.803163518662844744e+00,-1.000000000000000000e+00
-5.802748804641013614e+00,-4.677104260260669832e+00,-1.000000000000000000e+00
-6.359548540905591629e+00,-6.816729065533247756e+00,-1.000000000000000000e+00
-4.497047693144126335e+00,-5.641506112829231867e+00,-1.000000000000000000e+00
-6.549963109145042317e+00,-4.392757754823486849e+00,-1.000000000000000000e+00
-7.122460018566930451e+00,-4.828175327640563452e+00,-1.000000000000000000e+00
-6.746902907301387309e+00,-6.639103314551774382e+00,-1.000000000000000000e+00
-5.990648452248294120e+00,-4.851539443345059155e+00,-1.000000000000000000e+00
-4.989786229960131436e+00,-5.327323193253041822e+00,-1.000000000000000000e+00
-3.593393078787241901e+00,-5.926554192492340611e+00,-1.000000000000000000e+00
-5.356386314496306866e+00,-3.647495346515003511e+00,-1.000000000000000000e+00
-6.825307456113796967e+00,-3.517235015993898539e+00,-1.000000000000000000e+00
-6.525332619703847925e+00,-4.545755491319718011e+00,-1.000000000000000000e+00
-4.735605048987288512e+00,-6.453550195422960378e+00,-1.000000000000000000e+00
-8.496801399561160650e+00,-5.687598271964000141e+00,-1.000000000000000000e+00
-5.983495846890411585e+00,-6.924854470996224087e+00,-1.000000000000000000e+00
-7.718636967607090504e+00,-5.175387043744271054e+00,-1.000000000000000000e+00
-7.758836245749503924e+00,-5.000151210173416239e+00,-1.000000000000000000e+00
-4.815790402718263863e+00,-4.769259543370557353e+00,-1.000000000000000000e+00
-8.040516862120540509e+00,-7.202589005808309075e+00,-1.000000000000000000e+00
-6.142597166021138477e+00,-4.787210061288732277e+00,-1.000000000000000000e+00
-6.394721353468196590e+00,-5.940527230875050080e+00,-1.000000000000000000e+00
-6.089028109942632661e+00,-5.831167730052741582e+00,-1.000000000000000000e+00
-6.209297414586528063e+00,-5.570856633600879348e+00,-1.000000000000000000e+00
-5.144657073928037505e+00,-5.737923475585189337e+00,-1.000000000000000000e+00
-6.655878920483448091e+00,-4.843793399549038980e+00,-1.000000000000000000e+00
-5.148693181287050002e+00,-5.560186227933460401e+00,-1.000000000000000000e+00
-6.412340227768591916e+00,-3.636644899108915308e+00,-1.000000000000000000e+00
-6.998265339608587432e+00,-4.417126625498231540e+00,-1.000000000000000000e+00
-5.348324894370175997e+00,-7.192365386711092157e+00,-1.000000000000000000e+00
-6.251340250544278554e+00,-6.778754411797087265e+00,-1.000000000000000000e+00
-5.103196361008105697e+00,-6.099054008079409783e+00,-1.000000000000000000e+00
-5.497804238817973754e+00,-6.059618418866399736e+00,-1.000000000000000000e+00
-4.342194680684579922e+00,-6.076017408437884626e+00,-1.000000000000000000e+00
-7.212811853236736681e+00,-5.413994750115525889e+00,-1.000000000000000000e+00
-5.596285671195533773e+00,-2.963424802680073800e+00,-1.000000000000000000e+00
-5.525943852696920899e+00,-5.048015180194463269e+00,-1.000000000000000000e+00
-5.711699136682442557e+00,-4.629458068379035396e+00,-1.000000000000000000e+00
-4.443082232844026258e+00,-7.337216746348601326e+00,-1.000000000000000000e+00
-5.687185440821388660e+00,-4.726090410804915543e+00,-1.000000000000000000e+00
-6.721523701015051699e+00,-6.800390052749065717e+00,-1.000000000000000000e+00
-5.317265291033110408e+00,-6.626662071229380224e+00,-1.000000000000000000e+00
-6.634201488298766769e+00,-5.925372374893024485e+00,-1.000000000000000000e+00
-4.701591700127201179e+00,-5.024570671769215124e+00,-1.000000000000000000e+00
-7.529100712475716328e+00,-5.116187698956686347e+00,-1.000000000000000000e+00
-7.133627049029492184e+00,-6.812293596850961919e+00,-1.000000000000000000e+00
-5.622854326083432497e+00,-4.450073990144886693e+00,-1.000000000000000000e+00
-6.430687449738968553e+00,-5.149460495921902137e+00,-1.000000000000000000e+00
-5.733691071716574328e+00,-6.264766555471270593e+00,-1.000000000000000000e+00
-6.335360787427639195e+00,-6.881035845247964744e+00,-1.000000000000000000e+00
-7.429271937452484487e+00,-4.171169520123934049e+00,-1.000000000000000000e+00
-6.036600076382600655e+00,-6.083627186557880151e+00,-1.000000000000000000e+00
-5.489262344119399728e+00,-4.917312003393513820e+00,-1.000000000000000000e+00
-7.375314553686355801e+00,-5.693728305598915185e+00,-1.000000000000000000e+00
-3.972179806617036846e+00,-4.382613925167154534e+00,-1.000000000000000000e+00
-6.850086148605893044e+00,-4.317969325008705894e+00,-1.000000000000000000e+00
-5.362451117201080919e+00,-4.853065093717492395e+00,-1.000000000000000000e+00
-3.867935613979517573e+00,-4.992111657604990427e+00,-1.000000000000000000e+00
-5.530035802632113473e+00,-4.903692013771739688e+00,-1.000000000000000000e+00
-6.657320175365011750e+00,-5.271457382756089771e+00,-1.000000000000000000e+00
-5.199883909543259186e+00,-4.632432928240376668e+00,-1.000000000000000000e+00
-7.748745674283731510e+00,-6.388991342334453094e+00,-1.000000000000000000e+00
-4.426368723917838643e+00,-7.232900003841776559e+00,-1.000000000000000000e+00
-5.373613436606620830e+00,-6.927918858837307070e+00,-1.000000000000000000e+00
-6.383371560971422554e+00,-5.748725377854396967e+00,-1.000000000000000000e+00
-6.620481761434199974e+00,-3.676241080726588617e+00,-1.000000000000000000e+00
-5.171007297502213440e+00,-4.176619809885370849e+00,-1.000000000000000000e+00
-6.099520264447345852e+00,-5.863257527161266580e+00,-1.000000000000000000e+00
-5.577074341956117287e+00,-4.722970502408144533e+00,-1.000000000000000000e+00
-4.208762643729828667e+00,-6.591947378195962770e+00,-1.000000000000000000e+00
-6.071360097949419554e+00,-5.064834451757612932e+00,-1.000000000000000000e+00
-5.289202684667380083e+00,-5.333545657313180754e+00,-1.000000000000000000e+00
-6.458010135593673873e+00,-5.841451886400410132e+00,-1.000000000000000000e+00
-8.107102869436612735e+00,-3.954317886014034222e+00,-1.000000000000000000e+00
-5.765879875543179267e+00,-6.171970258492931904e+00,-1.000000000000000000e+00
-6.981713953867299871e+00,-4.868935040102228662e+00,-1.000000000000000000e+00
-8.868978572451975850e+00,-4.459605628308239922e+00,-1.000000000000000000e+00
-4.542387310676355483e+00,-6.238452724769619095e+00,-1.000000000000000000e+00
-6.956910267210154153e+00,-7.143305001638087681e+00,-1.000000000000000000e+00
-5.706486452141671606e+00,-5.995014668410629355e+00,-1.000000000000000000e+00
-5.748693203042062549e+00,-6.240282506944898167e+00,-1.000000000000000000e+00
-4.109141303686072000e+00,-5.657873708914465283e+00,-1.000000000000000000e+00
-5.674425805013718183e+00,-6.678744778232338142e+00,-1.000000000000000000e+00
-5.254647270532636583e+00,-6.330049262550242695e+00,-1.000000000000000000e+00
-5.738829341425654817e+00,-4.922581719281176049e+00,-1.000000000000000000e+00
-5.045502100541352064e+00,-6.443241856250991439e+00,-1.000000000000000000e+00
-5.812151975580898799e+00,-9.021512524115308906e+00,-1.000000000000000000e+00
-5.440569311225068816e+00,-4.206377548257303367e+00,-1.000000000000000000e+00
-6.675435473573969603e+00,-5.644737553648434769e+00,-1.000000000000000000e+00
-6.482912311377663883e+00,-6.422568220069997835e+00,-1.000000000000000000e+00
-5.935876382965299847e+00,-5.939052778046242764e+00,-1.000000000000000000e+00
-4.792059987358339157e+00,-5.670399972553141765e+00,-1.000000000000000000e+00
-8.062214950887941711e+00,-2.728399272833086808e+00,-1.000000000000000000e+00
-5.451888166932845614e+00,-4.848345696448510544e+00,-1.000000000000000000e+00
-7.106865868695921407e+00,-5.568984152845635194e+00,-1.000000000000000000e+00
-7.192878731513896007e+00,-6.333558047608379482e+00,-1.000000000000000000e+00
-4.912666404619597138e+00,-5.779224335579485228e+00,-1.000000000000000000e+00
-4.717401210141110468e+00,-4.332333185226527661e+00,-1.000000000000000000e+00
-6.762247477314491384e+00,-5.473356293494408220e+00,-1.000000000000000000e+00
-5.301168933150043117e+00,-5.634901469222725723e+00,-1.000000000000000000e+00
-4.491484957106544940e+00,-5.629375563617041500e+00,-1.000000000000000000e+00
-4.129402470478041209e+00,-5.785134178889128620e+00,-1.000000000000000000e+00
-5.543319748343735753e+00,-5.280195933366951699e+00,-1.000000000000000000e+00
-4.682688181317491427e+00,-5.889532491108598222e+00,-1.000000000000000000e+00
-8.728779618178027278e+00,-4.552409928966914876e+00,-1.000000000000000000e+00
-5.623801287867735255e+00,-4.128138147224114540e+00,-1.000000000000000000e+00
-6.552473118569644761e+00,-4.750710312204878605e+00,-1.000000000000000000e+00
-5.307168025370581077e+00,-7.123642633414805303e+00,-1.000000000000000000e+00
-6.143265096393204061e+00,-5.870041968299968715e+00,-1.000000000000000000e+00
-5.788858490509555921e+00,-5.368487738953442445e+00,-1.000000000000000000e+00
-4.949117237625880072e+00,-5.500637714722321547e+00,-1.000000000000000000e+00
-8.348101094075474293e+00,-5.307896807690879903e+00,-1.000000000000000000e+00
-5.399523955687833165e+00,-5.825990091788343150e+00,-1.000000000000000000e+00
-7.633024388417992689e+00,-5.850951229054665248e+00,-1.000000000000000000e+00
-5.614837049438484939e+00,-7.870121830911616101e+00,-1.000000000000000000e+00
-5.131654156019830992e+00,-5.218544791025369278e+00,-1.000000000000000000e+00
-6.916178855899116407e+00,-4.642341785101995910e+00,-1.000000000000000000e+00
-4.944645724686782984e+00,-5.286589502860177703e+00,-1.000000000000000000e+00
-6.907740099358620434e+00,-6.966825556317115975e+00,-1.000000000000000000e+00
-3.925636350532353269e+00,-4.983116088298581658e+00,-1.000000000000000000e+00
-6.812736303111528890e+00,-6.458956835226734583e+00,-1.000000000000000000e+00
-6.357669905922454845e+00,-4.208271751540577199e+00,-1.000000000000000000e+00
-5.146731034898945012e+00,-5.233778306161640970e+00,-1.000000000000000000e+00
-1.390896976159986309e+00,-6.817156414667941533e+00,-1.000000000000000000e+00
-7.645742739183261527e+00,-5.781673986878137939e+00,-1.000000000000000000e+00
-6.342707183965789142e+00,-5.641433935249700937e+00,-1.000000000000000000e+00
-5.956395942438531321e+00,-5.925762846720568078e+00,-1.000000000000000000e+00
-3.655759309419163827e+00,-4.734435906497900248e+00,-1.000000000000000000e+00
-5.510787278649344145e+00,-5.612316559453045528e+00,-1.000000000000000000e+00
-5.212950590753763436e+00,-6.926238318078783429e+00,-1.000000000000000000e+00
-6.130629173274304122e+00,-4.868427044773155465e+00,-1.000000000000000000e+00
-6.403871583088174724e+00,-4.141709873549204168e+00,-1.000000000000000000e+00
-5.846201823908027784e+00,-6.001340577042609148e+00,-1.000000000000000000e+00
-6.975567879215025080e+00,-5.625298444333497017e+00,-1.000000000000000000e+00
-6.696796797557243330e+00,-4.735954144032048951e+00,-1.000000000000000000e+00
-6.885978320884202475e+00,-4.338600069169879170e+00,-1.000000000000000000e+00
-5.093163886144799868e+00,-6.812583426767143457e+00,-1.000000000000000000e+00
-5.914206513549411071e+00,-3.571877914879999949e+00,-1.000000000000000000e+00
-4.433472802749445663e+00,-6.241843109664810818e+00,-1.000000000000000000e+00
-6.830315281106167369e+00,-6.603829710411597276e+00,-1.000000000000000000e+00
-6.457104046865310032e+00,-5.333854076013443191e+00,-1.000000000000000000e+00
-2.927690608552022233e+00,-5.377418653988536690e+00,-1.000000000000000000e+00
-5.474281995907073650e+00,-7.043880558667344971e+00,-1.000000000000000000e+00
-6.126126753179278239e+00,-4.839038148530741879e+00,-1.000000000000000000e+00
-6.860829580085954227e+00,-5.427389519818708763e+00,-1.000000000000000000e+00
-6.182625927117700648e+00,-6.122621086066757812e+00,-1.000000000000000000e+00
-4.013390062089409405e+00,-5.379381977016628014e+00,-1.000000000000000000e+00
-5.856459312862009270e+00,-5.729380315475440355e+00,-1.000000000000000000e+00
-3.774165642254078357e+00,-6.781606364861674230e+00,-1.000000000000000000e+00
-5.041728121396744200e+00,-6.134808583898950118e+00,-1.000000000000000000e+00
-5.837217113216052411e+00,-6.008201838798521877e+00,-1.000000000000000000e+00
-6.740575580370885334e+00,-4.639844781389068196e+00,-1.000000000000000000e+00
-7.675320272793841880e+00,-5.970515641953952013e+00,-1.000000000000000000e+00
-5.198858011709283744e+00,-5.918274522889674927e+00,-1.000000000000000000e+00
-5.480723482342074071e+00,-5.814999856396124933e+00,-1.000000000000000000e+00
-4.891691901281398636e+00,-6.762546129265186501e+00,-1.000000000000000000e+00
-4.459065742269139321e+00,-7.159074757222858132e+00,-1.000000000000000000e+00
-6.743895024112050329e+00,-5.311714454496637927e+00,-1.000000000000000000e+00
-7.790986711291899347e+00,-5.168993296399454707e+00,-1.000000000000000000e+00
-6.523491577988981049e+00,-6.441131065718547433e+00,-1.000000000000000000e+00
-8.820904754282629767e+00,-4.221904417135861287e+00,-1.000000000000000000e+00
-6.634597662374025262e+00,-4.727897050477913865e+00,-1.000000000000000000e+00
-5.800625641559933321e+00,-6.927640448194268608e+00,-1.000000000000000000e+00
-6.294395225647804182e+00,-5.888674276520275086e+00,-1.000000000000000000e+00
-5.456027541676128578e+00,-5.083386434603727189e+00,-1.000000000000000000e+00
-5.825146476044615440e+00,-5.175433726325399775e+00,-1.000000000000000000e+00
-6.661853270435391217e+00,-6.629665806537661688e+00,-1.000000000000000000e+00
-6.942705614248965595e+00,-3.794968376887573935e+00,-1.000000000000000000e+00
-4.440133895625590021e+00,-5.747413538101907804e+00,-1.000000000000000000e+00
-5.474907243975910554e+00,-6.498020101345753474e+00,-1.000000000000000000e+00
-5.170777373792688536e+00,-4.111332528434846978e+00,-1.000000000000000000e+00
-6.806264417497625452e+00,-4.445416715321041323e+00,-1.000000000000000000e+00
-3.582208252484455624e+00,-4.095354742711265317e+00,-1.000000000000000000e+00
-7.818096362583719205e+00,-6.941138282279255556e+00,-1.000000000000000000e+00
-6.533373023876730024e+00,-5.698092027177023233e+00,-1.000000000000000000e+00
-6.179435805656620317e+00,-4.971759260826849491e+00,-1.000000000000000000e+00
-4.136230429327752312e+00,-4.556434451642648042e+00,-1.000000000000000000e+00
-5.726626147125374544e+00,-4.650687801519805653e+00,-1.000000000000000000e+00
-7.680280346261310953e+00,-5.370424056855201300e+00,-1.000000000000000000e+00
-4.432931277919497148e+00,-5.122997997905682332e+00,-1.000000000000000000e+00
-7.988251073494787136e+00,-5.864943040129123375e+00,-1.000000000000000000e+00
-8.197612565567844456e+00,-4.596009220699979636e+00,-1.000000000000000000e+00
-6.421312640337837330e+00,-4.682275537730711257e+00,-1.000000000000000000e+00
-5.183685966725246175e+00,-6.765051167140869737e+00,-1.000000000000000000e+00
-4.081408512447305625e+00,-7.616619936227514209e+00,-1.000000000000000000e+00
-4.251326292700984055e+00,-6.316942304015353393e+00,-1.000000000000000000e+00
-7.407819433191844105e+00,-4.784399788192782665e+00,-1.000000000000000000e+00
-5.946325796646261708e+00,-4.705626086943805575e+00,-1.000000000000000000e+00
-6.798550701331612878e+00,-5.458805395353331313e+00,-1.000000000000000000e+00
-4.465456367932741699e+00,-6.687057875561956521e+00,-1.000000000000000000e+00
-6.321549964283731171e+00,-6.195608479321631279e+00,-1.000000000000000000e+00
-6.411678869485101906e+00,-5.560195518403409309e+00,-1.000000000000000000e+00
-6.906572046812384791e+00,-5.829178942830710142e+00,-1.000000000000000000e+00
-4.153745870950416474e+00,-4.600342642455311548e+00,-1.000000000000000000e+00
-5.698592860573654661e+00,-5.060511542998844092e+00,-1.000000000000000000e+00
-4.844225234537674396e+00,-6.441409783822329871e+00,-1.000000000000000000e+00
-5.999316795723271589e+00,-3.876492898617061034e+00,-1.000000000000000000e+00
-5.429394138109946866e+00,-6.578148701991886504e+00,-1.000000000000000000e+00
-6.495849113185208523e+00,-6.772079460024635900e+00,-1.000000000000000000e+00
-5.887820640202994227e+00,-5.593700579291428276e+00,-1.000000000000000000e+00
-6.108086192434538653e+00,-3.975132897126743448e+00,-1.000000000000000000e+00
-6.214727137449866490e+00,-4.606609752046000317e+00,-1.000000000000000000e+00
-6.099470617625549096e+00,-5.786841581474880591e+00,-1.000000000000000000e+00
-4.068661523179036621e+00,-7.353231656606674882e+00,-1.000000000000000000e+00
-6.808890386745406254e+00,-6.736740997303150458e+00,-1.000000000000000000e+00
-6.325477272905643211e+00,-5.714053783386967567e+00,-1.000000000000000000e+00
-4.966670670410289645e+00,-6.473783601141135158e+00,-1.000000000000000000e+00
-6.329943418562141488e+00,-4.401540348005747560e+00,-1.000000000000000000e+00
-3.830585576613558807e+00,-6.723563294445160210e+00,-1.000000000000000000e+00
-7.002891906305328540e+00,-5.224838512332748763e+00,-1.000000000000000000e+00
-6.628190797513588528e+00,-6.675426128140625082e+00,-1.000000000000000000e+00
-4.616109390764737697e+00,-4.310072676092529420e+00,-1.000000000000000000e+00
-5.621700907048156282e+00,-7.130170829350713113e+00,-1.000000000000000000e+00
-5.734186001712000547e+00,-4.802410583420418710e+00,-1.000000000000000000e+00
-7.416775456686173662e+00,-5.279554088675499912e+00,-1.000000000000000000e+00
-5.914661951094299042e+00,-4.959679603190494390e+00,-1.000000000000000000e+00
-6.831404376168907611e+00,-5.606511416728693575e+00,-1.000000000000000000e+00
-8.055766675685578804e+00,-5.128152748778584069e+00,-1.000000000000000000e+00
-6.679897944800197607e+00,-5.148306640887176044e+00,-1.000000000000000000e+00
-5.514212526736121944e+00,-6.372082973841768805e+00,-1.000000000000000000e+00
-5.434632199771798788e+00,-6.212826676008528004e+00,-1.000000000000000000e+00
-4.489856253950031295e+00,-5.526511617163847312e+00,-1.000000000000000000e+00
-5.375185555997848752e+00,-6.414256539797773549e+00,-1.000000000000000000e+00
-6.474793698979472545e+00,-5.339996009633040330e+00,-1.000000000000000000e+00
-4.718942923526827649e+00,-7.074090936351970171e+00,-1.000000000000000000e+00
-5.914922725390655778e+00,-6.099697910726440853e+00,-1.000000000000000000e+00
-7.031767282013409393e+00,-5.726114307038383089e+00,-1.000000000000000000e+00
-5.248512852437506204e+00,-6.881389135172113036e+00,-1.000000000000000000e+00
-6.141748863837852568e+00,-4.906504803041704221e+00,-1.000000000000000000e+00
-3.803788736165918394e+00,-5.951253975486563874e+00,-1.000000000000000000e+00
-7.533765352526628156e+00,-6.415296576441337884e+00,-1.000000000000000000e+00
-4.549608987184403652e+00,-4.751121550937773108e+00,-1.000000000000000000e+00
-6.987895749075261342e+00,-4.944502806017685437e+00,-1.000000000000000000e+00
-5.576287097330919984e+00,-3.534513454843696501e+00,-1.000000000000000000e+00
-6.947586142344948534e+00,-6.233706296502973032e+00,-1.000000000000000000e+00
-7.749673745050686513e+00,-5.470473899913955051e+00,-1.000000000000000000e+00
-6.715010388107076622e+00,-4.439707002808615854e+00,-1.000000000000000000e+00
-6.236939161856861702e+00,-3.781100786677736636e+00,-1.000000000000000000e+00
-4.314609110347960907e+00,-6.396661917884530979e+00,-1.000000000000000000e+00
-7.628072775902194458e+00,-3.650494783844298041e+00,-1.000000000000000000e+00
-6.509108010456118087e+00,-6.254814472074620824e+00,-1.000000000000000000e+00
-6.386095438985333494e+00,-6.203851866166149698e+00,-1.000000000000000000e+00
-4.046421754265434600e+00,-5.874622592578727875e+00,-1.000000000000000000e+00
-6.283797270029051418e+00,-6.114801886888941773e+00,-1.000000000000000000e+00
-6.534651689867348345e+00,-5.712921064900405632e+00,-1.000000000000000000e+00
-7.859214948217303487e+00,-4.558920851004112151e+00,-1.000000000000000000e+00
-7.958533746433849920e+00,-5.305312245074828681e+00,-1.000000000000000000e+00
-5.809536773797019826e+00,-3.689505203165026170e+00,-1.000000000000000000e+00
-5.724682236836854621e+00,-4.452947348792255511e+00,-1.000000000000000000e+00
-3.696548593470598831e+00,-5.919010737537698574e+00,-1.000000000000000000e+00
-5.613245533860654390e+00,-4.887824152997727545e+00,-1.000000000000000000e+00
-7.773393420252402208e+00,-6.869505387904813354e+00,-1.000000000000000000e+00
-5.682940914840068913e+00,-6.314172668527777255e+00,-1.000000000000000000e+00
-6.858669105758817608e+00,-7.011913179526321649e+00,-1.000000000000000000e+00
-4.286141375951435073e+00,-5.319674228559641449e+00,-1.000000000000000000e+00
-6.535462396444267519e+00,-6.307492993979057161e+00,-1.000000000000000000e+00
-5.165146202202228309e+00,-4.775655953836197121e+00,-1.000000000000000000e+00
-3.962959628032955983e+00,-6.719512730251072874e+00,-1.000000000000000000e+00
-5.565477025398209321e+00,-5.500822341733309528e+00,-1.000000000000000000e+00
-5.661940580362682773e+00,-3.696491936722492877e+00,-1.000000000000000000e+00
-6.743260205471381497e+00,-5.692249985721398176e+00,-1.000000000000000000e+00
-7.627252582836999473e+00,-5.520073384635578506e+00,-1.000000000000000000e+00
-5.727044358896245413e+00,-4.008647079011910641e+00,-1.000000000000000000e+00
-6.742901453301641368e+00,-4.267862270108443212e+00,-1.000000000000000000e+00
-3.487545954904880841e+00,-6.848187248862816823e+00,-1.000000000000000000e+00
-4.705421041432167328e+00,-4.778043854248853251e+00,-1.000000000000000000e+00
-6.709264174212678178e+00,-4.845132103010589830e+00,-1.000000000000000000e+00
-7.032824965069181644e+00,-5.608658465052645425e+00,-1.000000000000000000e+00
-6.551119347150994976e+00,-5.094542271300943170e+00,-1.000000000000000000e+00
-3.906235387179958884e+00,-6.182485401128456459e+00,-1.000000000000000000e+00
-6.179685322441240913e+00,-4.164121306465381700e+00,-1.000000000000000000e+00
-6.059185883636073910e+00,-4.415426084778909299e+00,-1.000000000000000000e+00
-4.147178975326438533e+00,-6.791062272069138039e+00,-1.000000000000000000e+00
-5.873436216108322228e+00,-5.870937493329798862e+00,-1.000000000000000000e+00
-6.033868292806433331e+00,-6.041816008883536426e+00,-1.000000000000000000e+00
-7.109263130505754091e+00,-5.917824226469315718e+00,-1.000000000000000000e+00
-6.001549193024265705e+00,-5.395567603734085615e+00,-1.000000000000000000e+00
-6.441655697191144725e+00,-6.212178269014385634e+00,-1.000000000000000000e+00
-7.522312623130210874e+00,-4.929000855568293815e+00,-1.000000000000000000e+00
-3.986411448376248501e+00,-5.676061173321329534e+00,-1.000000000000000000e+00
-5.930462976844832923e+00,-5.604882269206227008e+00,-1.000000000000000000e+00
-5.626597166283799467e+00,-5.257486535751185741e+00,-1.000000000000000000e+00
-6.153731007938352704e+00,-6.180764472146640820e+00,-1.000000000000000000e+00
-4.212577510575916229e+00,-6.068442326614795768e+00,-1.000000000000000000e+00
-3.768506156420819320e+00,-5.462267846643731772e+00,-1.000000000000000000e+00
-5.196933334611266275e+00,-6.743629007868188197e+00,-1.000000000000000000e+00
-5.377175863194234573e+00,-7.175209677586551926e+00,-1.000000000000000000e+00
-5.163209199255205384e+00,-6.184225622503092268e+00,-1.000000000000000000e+00
-4.345492497047400704e+00,-8.800796887744290586e+00,-1.000000000000000000e+00
-4.745873028366521140e+00,-5.207202704835766305e+00,-1.000000000000000000e+00
-4.498926780279456139e+00,-6.310042882257534735e+00,-1.000000000000000000e+00
-8.007602733622793068e+00,-5.800520356324186722e+00,-1.000000000000000000e+00
-5.718748883006409045e+00,-6.370497719179668117e+00,-1.000000000000000000e+00
-6.682241416877730877e+00,-4.652303498610371513e+00,-1.000000000000000000e+00
-5.546037906979917054e+00,-3.158314199482612938e+00,-1.000000000000000000e+00
-7.722694707956657467e+00,-4.697915792782286992e+00,-1.000000000000000000e+00
-6.268057529034447128e+00,-6.810652590111144100e+00,-1.000000000000000000e+00
-4.034054255526362986e+00,-6.518655452299246811e+00,-1.000000000000000000e+00
-4.211716430148691792e+00,-5.740991631102041914e+00,-1.000000000000000000e+00
-5.265234161436945115e+00,-6.437355580150629031e+00,-1.000000000000000000e+00
-3.323668222792863780e+00,-4.679054125954052346e+00,-1.000000000000000000e+00
-7.018540088814989808e+00,-5.677339410838447620e+00,-1.000000000000000000e+00
-5.516390769556296370e+00,-4.368489830910358585e+00,-1.000000000000000000e+00
-4.092852351194076199e+00,-4.496224629244617077e+00,-1.000000000000000000e+00
-4.834757184814233888e+00,-6.242593406278016843e+00,-1.000000000000000000e+00
-5.126817304167122558e+00,-8.499487959508815749e+00,-1.000000000000000000e+00
-6.967241919700243535e+00,-4.892937751016619430e+00,-1.000000000000000000e+00
-4.666238347882588400e+00,-7.818514926473992155e+00,-1.000000000000000000e+00
-7.212753165027649516e+00,-5.009092100672608794e+00,-1.000000000000000000e+00
-7.203129671591055327e+00,-4.212158525825748789e+00,-1.000000000000000000e+00
-5.807968033688458931e+00,-5.535343158311535561e+00,-1.000000000000000000e+00
-5.245119557543199029e+00,-5.754174871198663332e+00,-1.000000000000000000e+00
-5.483202054143172077e+00,-4.879925950567377768e+00,-1.000000000000000000e+00
-5.376558592512321155e+00,-4.948241507415197304e+00,-1.000000000000000000e+00
-6.830031759704795036e+00,-4.865709911691684653e+00,-1.000000000000000000e+00
-4.519757403252584460e+00,-6.385178245270441977e+00,-1.000000000000000000e+00
-4.298960429447989284e+00,-7.562769492345323030e+00,-1.000000000000000000e+00
-6.492256776609994340e+00,-4.717076452774692896e+00,-1.000000000000000000e+00
-6.015042697711039388e+00,-5.771290802463091119e+00,-1.000000000000000000e+00
-5.293813159859904083e+00,-6.351423888357449421e+00,-1.000000000000000000e+00
-6.757379174223600238e+00,-4.601145349274394114e+00,-1.000000000000000000e+00
-4.308188986040916824e+00,-6.126486970533207455e+00,-1.000000000000000000e+00
-5.370324896819378857e+00,-4.110947146409031916e+00,-1.000000000000000000e+00
-4.287875352680318386e+00,-7.137027861554506636e+00,-1.000000000000000000e+00
-7.418983898707655733e+00,-5.882670828803449048e+00,-1.000000000000000000e+00
-8.996046712656170286e+00,-5.151982743447521607e+00,-1.000000000000000000e+00
-5.696288774843513814e+00,-5.054974193903291280e+00,-1.000000000000000000e+00
-6.566964976962998080e+00,-4.454769528653432786e+00,-1.000000000000000000e+00
-5.012055281668784446e+00,-5.041817564806800434e+00,-1.000000000000000000e+00
-5.286189118167099465e+00,-6.377868274070444876e+00,-1.000000000000000000e+00
-5.774917763728043774e+00,-4.047399833078443088e+00,-1.000000000000000000e+00
-6.009830983663114523e+00,-6.372771660328787391e+00,-1.000000000000000000e+00
-7.741292797003919368e+00,-5.875907902060729882e+00,-1.000000000000000000e+00
-8.315368109848972011e+00,-5.298772764155730286e+00,-1.000000000000000000e+00
-6.216654158450758416e+00,-4.417050458817215031e+00,-1.000000000000000000e+00
-6.662263668929448990e+00,-4.903710594699408176e+00,-1.000000000000000000e+00
-6.627982140397334021e+00,-6.836234432556970830e+00,-1.000000000000000000e+00
-4.739848630857284917e+00,-5.371961834431577820e+00,-1.000000000000000000e+00
-7.048578672151265323e+00,-5.996149819690790750e+00,-1.000000000000000000e+00
-6.171384180127725827e+00,-5.127215376242286737e+00,-1.000000000000000000e+00
-7.987168809656878032e+00,-4.889054518621470891e+00,-1.000000000000000000e+00
-5.703422302661198096e+00,-6.561914092653752917e+00,-1.000000000000000000e+00
-4.643880518218405307e+00,-5.776838573366413598e+00,-1.000000000000000000e+00
-4.679899682930555471e+00,-5.045804362470887483e+00,-1.000000000000000000e+00
-4.575680695764805961e+00,-4.630839635355318507e+00,-1.000000000000000000e+00
-6.246390189159825468e+00,-5.082697883548276785e+00,-1.000000000000000000e+00
-4.496887554254655583e+00,-5.898086889887521167e+00,-1.000000000000000000e+00
-5.684473443336701237e+00,-4.987084089539128406e+00,-1.000000000000000000e+00
-5.931183608211306080e+00,-6.986425021332569152e+00,-1.000000000000000000e+00
-6.138784177228371775e+00,-5.258081994333043241e+00,-1.000000000000000000e+00
-5.748592624143609164e+00,-4.574047722185302867e+00,-1.000000000000000000e+00
-5.842154580496652372e+00,-7.976958381505629525e+00,-1.000000000000000000e+00
-6.248630342860366227e+00,-4.931290204464124471e+00,-1.000000000000000000e+00
-5.300791522011190970e+00,-5.651769670129493939e+00,-1.000000000000000000e+00
-5.610276547375952383e+00,-7.813903127125599646e+00,-1.000000000000000000e+00
-4.019563550169337418e+00,-6.432292873328201210e+00,-1.000000000000000000e+00
-7.571334740664029006e+00,-5.070566473972773380e+00,-1.000000000000000000e+00
-7.031495734184073143e+00,-5.553020497776287812e+00,-1.000000000000000000e+00
-5.506117121596528108e+00,-4.910019587054639700e+00,-1.000000000000000000e+00
-6.262992124875169431e+00,-5.889211177958733501e+00,-1.000000000000000000e+00
-4.982972958012055642e+00,-6.081000667332741472e+00,-1.000000000000000000e+00
-7.836624651627254856e+00,-6.139091065946643333e+00,-1.000000000000000000e+00
-6.720497702514977689e+00,-4.816474070388959916e+00,-1.000000000000000000e+00
-4.838608942827524295e+00,-6.078696368374965076e+00,-1.000000000000000000e+00
-6.059898210380191941e+00,-6.405840923075236226e+00,-1.000000000000000000e+00
-5.818723182944488315e+00,-6.842459471479149791e+00,-1.000000000000000000e+00
-3.559443135889220233e+00,-6.554789520274976411e+00,-1.000000000000000000e+00
-6.368986961125056467e+00,-3.619985559393462449e+00,-1.000000000000000000e+00
-3.792532916547843413e+00,-4.403319345270484853e+00,-1.000000000000000000e+00
-6.983839383650735755e+00,-3.521877404486725816e+00,-1.000000000000000000e+00
-5.263371719889181399e+00,-6.417223886500746488e+00,-1.000000000000000000e+00
-3.689135006672635164e+00,-6.448338440289512086e+00,-1.000000000000000000e+00
-5.395968389858519565e+00,-5.612462487529791488e+00,-1.000000000000000000e+00
-4.702211848841790776e+00,-5.443789743735079512e+00,-1.000000000000000000e+00
-6.740964311734072290e+00,-6.260403802837706699e+00,-1.000000000000000000e+00
-5.726947440792456767e+00,-5.319395186251917096e+00,-1.000000000000000000e+00
-8.058400098450324123e+00,-4.329182156850874819e+00,-1.000000000000000000e+00
-4.992514979415161314e+00,-6.304054498301512766e+00,-1.000000000000000000e+00
-5.914924960332852422e+00,-5.650099021432266611e+00,-1.000000000000000000e+00
-4.010243563836401570e+00,-6.817909737538050408e+00,-1.000000000000000000e+00
-5.240700724942608524e+00,-6.121375944403165903e+00,-1.000000000000000000e+00
-8.563231864976827978e+00,-5.018430189651453155e+00,-1.000000000000000000e+00
-6.994911608404343006e+00,-3.784004255795744065e+00,-1.000000000000000000e+00
-6.642874165228199068e+00,-5.141600144780690940e+00,-1.000000000000000000e+00
-6.797112862255009880e+00,-5.524814377009413136e+00,-1.000000000000000000e+00
-5.602083316442896255e+00,-6.434473005671915935e+00,-1.000000000000000000e+00
-6.280984185116680329e+00,-5.542006992607944937e+00,-1.000000000000000000e+00
-5.047796993955102174e+00,-4.507240577628175870e+00,-1.000000000000000000e+00
-4.818901584150358630e+00,-5.320942770622595575e+00,-1.000000000000000000e+00
-5.975969608768508579e+00,-7.104848330767267406e+00,-1.000000000000000000e+00
-4.531856763313768965e+00,-6.716271003252991534e+00,-1.000000000000000000e+00
-6.321295807251112286e+00,-4.654172061762127832e+00,-1.000000000000000000e+00
-5.376084575663503173e+00,-5.157429041879970200e+00,-1.000000000000000000e+00
-6.085407003242641721e+00,-5.693894601944654354e+00,-1.000000000000000000e+00
-6.343857983510771348e+00,-4.086468110881216198e+00,-1.000000000000000000e+00
-7.135080842985531469e+00,-5.207674308497649562e+00,-1.000000000000000000e+00
-7.392115607481673401e+00,-6.933543003864435228e+00,-1.000000000000000000e+00
-5.959939017850392595e+00,-5.123473751224749684e+00,-1.000000000000000000e+00
-6.152355265826610520e+00,-5.619988507380064391e+00,-1.000000000000000000e+00
-7.364074724322299481e+00,-4.873910664187149244e+00,-1.000000000000000000e+00
-5.840203320368308582e+00,-5.797338406084568518e+00,-1.000000000000000000e+00
-7.148991317026561099e+00,-5.185936954999931459e+00,-1.000000000000000000e+00
-5.023601548299543751e+00,-6.076923963514866855e+00,-1.000000000000000000e+00
-7.891393981575157035e+00,-4.817732963142956848e+00,-1.000000000000000000e+00
-6.684136886726229854e+00,-5.407118528116562572e+00,-1.000000000000000000e+00
-5.821132617883261418e+00,-6.132863472197003674e+00,-1.000000000000000000e+00
-4.604975915867425940e+00,-6.290313727257423437e+00,-1.000000000000000000e+00
-6.034780218956774078e+00,-3.847730368025612524e+00,-1.000000000000000000e+00
-6.714742687655462561e+00,-5.940359115579525451e+00,-1.000000000000000000e+00
-6.525600661077002762e+00,-4.741786027008618731e+00,-1.000000000000000000e+00
-6.569727909079307260e+00,-3.053416802427632248e+00,-1.000000000000000000e+00
-7.388239117540084777e+00,-5.166741680580172691e+00,-1.000000000000000000e+00
-5.243741216195516586e+00,-4.675012017295006927e+00,-1.000000000000000000e+00
-5.395016276129814159e+00,-5.920838683605015085e+00,-1.000000000000000000e+00
-6.150263500571672814e+00,-4.304136975066124471e+00,-1.000000000000000000e+00
-7.327497610207018397e+00,-7.743783384807348291e+00,-1.000000000000000000e+00
-6.394836400199995552e+00,-5.588435416932543198e+00,-1.000000000000000000e+00
-4.813672360273402617e+00,-6.048051422705596814e+00,-1.000000000000000000e+00
-7.587866894733977574e+00,-5.816302187770861387e+00,-1.000000000000000000e+00
-7.236398011883913739e+00,-3.846779616062670826e+00,-1.000000000000000000e+00
-7.253958630963206922e+00,-5.664649580350767266e+00,-1.000000000000000000e+00
-5.775963240054716508e+00,-5.974460078226131010e+00,-1.000000000000000000e+00
-5.920217192422725816e+00,-5.574696947386762247e+00,-1.000000000000000000e+00
-5.619232023621927752e+00,-5.845245289050559734e+00,-1.000000000000000000e+00
-5.552189381591096762e+00,-5.425561517795368438e+00,-1.000000000000000000e+00
-3.882100842577897559e+00,-6.049545843688809654e+00,-1.000000000000000000e+00
-7.315636887955258238e+00,-3.711071847698986126e+00,-1.000000000000000000e+00
-4.427253901622494325e+00,-5.204614114859110074e+00,-1.000000000000000000e+00
-8.505929341026426727e+00,-4.446799733903364249e+00,-1.000000000000000000e+00
-5.740418036537636048e+00,-3.260414417765837847e+00,-1.000000000000000000e+00
-6.387370339574343525e+00,-3.694825069831124686e+00,-1.000000000000000000e+00
-4.595871680467844556e+00,-5.943108547423406662e+00,-1.000000000000000000e+00
-6.092423871956771819e+00,-4.849207172178041425e+00,-1.000000000000000000e+00
-6.696277648379699521e+00,-4.958601239431787988e+00,-1.000000000000000000e+00
-4.016263895157372588e+00,-5.391021487353336639e+00,-1.000000000000000000e+00
-6.794275505583480701e+00,-6.268496487495596625e+00,-1.000000000000000000e+00
-6.499738891345423930e+00,-4.654114125947534930e+00,-1.000000000000000000e+00
-6.601338949110777676e+00,-5.458004395390109842e+00,-1.000000000000000000e+00
-7.452660879871326749e+00,-4.152159076481858335e+00,-1.000000000000000000e+00
-5.661599488566485761e+00,-7.213956339505299020e+00,-1.000000000000000000e+00
-6.026212354830482454e+00,-7.871242885893900088e+00,-1.000000000000000000e+00
-5.555423936621902925e+00,-5.565022729101842813e+00,-1.000000000000000000e+00
-4.793484391615580265e+00,-6.638453531492249482e+00,-1.000000000000000000e+00
-7.554310857779394262e+00,-4.573156729777021035e+00,-1.000000000000000000e+00
-7.654724691709662743e+00,-4.819897218681417961e+00,-1.000000000000000000e+00
-6.604097717464367356e+00,-7.404574499020736056e+00,-1.000000000000000000e+00
-6.242123765805572155e+00,-4.227031920470153636e+00,-1.000000000000000000e+00
-5.646182564132821824e+00,-5.966412321085069692e+00,-1.000000000000000000e+00
-7.088846168857949159e+00,-5.668533676042597946e+00,-1.000000000000000000e+00
-4.905676055615098008e+00,-5.702968501876882534e+00,-1.000000000000000000e+00
-4.978046788974500814e+00,-5.366834238653135358e+00,-1.000000000000000000e+00
-4.264278838774156810e+00,-4.813740032569224780e+00,-1.000000000000000000e+00
-6.587431912337605056e+00,-5.105816130326457980e+00,-1.000000000000000000e+00
-5.370488320155368811e+00,-6.867602387656488894e+00,-1.000000000000000000e+00
-5.498466727616309946e+00,-7.184095575232844588e+00,-1.000000000000000000e+00
-7.224306032461336180e+00,-4.501403545272996354e+00,-1.000000000000000000e+00
-6.354220974501725294e+00,-3.519794432444418586e+00,-1.000000000000000000e+00
-7.143003513843928509e+00,-4.433103121283264336e+00,-1.000000000000000000e+00
-5.135394132575001436e+00,-5.146208375686851966e+00,-1.000000000000000000e+00
-6.233034398271841248e+00,-5.618155895767592334e+00,-1.000000000000000000e+00
-4.885555431531075854e+00,-4.936888768417487583e+00,-1.000000000000000000e+00
-7.628272649233388769e+00,-4.925148278740298480e+00,-1.000000000000000000e+00
-5.127927591634669824e+00,-5.202076062172816151e+00,-1.000000000000000000e+00
-4.949346093918900458e+00,-5.388911061828796534e+00,-1.000000000000000000e+00
-7.971588196555877026e+00,-4.896380518735801601e+00,-1.000000000000000000e+00
-5.103524583409963178e+00,-3.898922540177434115e+00,-1.000000000000000000e+00
-5.426916077266884741e+00,-5.617904046768787296e+00,-1.000000000000000000e+00
-5.149830633392287638e+00,-6.618013869322935783e+00,-1.000000000000000000e+00
-3.179435938265002815e+00,-3.921967708110240203e+00,-1.000000000000000000e+00
-6.540407193588743340e+00,-5.243473054318071647e+00,-1.000000000000000000e+00
-5.484409507593523081e+00,-7.591011992878854642e+00,-1.000000000000000000e+00
-6.219142923070308804e+00,-5.507555959590217043e+00,-1.000000000000000000e+00
-6.160513956255673662e+00,-4.684246582598243336e+00,-1.000000000000000000e+00
-7.022189306336558801e+00,-4.995322112416362259e+00,-1.000000000000000000e+00
-6.744167971286622709e+00,-5.508499113341743580e+00,-1.000000000000000000e+00
-5.099124628719721386e+00,-6.272304502883618404e+00,-1.000000000000000000e+00
-6.488686493175944925e+00,-4.605207934537269843e+00,-1.000000000000000000e+00
-5.747943240894025863e+00,-5.270300231975566518e+00,-1.000000000000000000e+00
-8.398580037366812689e+00,-6.090103158984529585e+00,-1.000000000000000000e+00
-4.522689927541160060e+00,-6.233506906390831936e+00,-1.000000000000000000e+00
-6.751114045105734540e+00,-5.309138781975922150e+00,-1.000000000000000000e+00
-8.120951354646280151e+00,-7.458357963502972865e+00,-1.000000000000000000e+00
-3.570837664736455697e+00,-7.281415867532138542e+00,-1.000000000000000000e+00
-8.820652608781280435e+00,-4.040160898945142520e+00,-1.000000000000000000e+00
-3.583117459028820395e+00,-7.063551014397673633e+00,-1.000000000000000000e+00
-6.176320670366698629e+00,-4.401317944706192087e+00,-1.000000000000000000e+00
-6.507426123145993557e+00,-5.453661996206184526e+00,-1.000000000000000000e+00
-6.164915815483271722e+00,-4.212149478228177202e+00,-1.000000000000000000e+00
-5.336470792793664764e+00,-5.933339311221626389e+00,-1.000000000000000000e+00
-6.445846477619752157e+00,-6.981957942763578728e+00,-1.000000000000000000e+00
-5.467930051307318351e+00,-8.102484994569046250e+00,-1.000000000000000000e+00
-6.109135066748566878e+00,-5.718714103484348499e+00,-1.000000000000000000e+00
-5.536462350899580720e+00,-5.741038557897127248e+00,-1.000000000000000000e+00
-6.740368646005219233e+00,-5.780400343474473956e+00,-1.000000000000000000e+00
-7.836175284950967601e+00,-6.161294964519365536e+00,-1.000000000000000000e+00
-5.919720207214397512e+00,-5.611761564890434428e+00,-1.000000000000000000e+00
-7.030099317329386643e+00,-5.452535784162122923e+00,-1.000000000000000000e+00
-7.162900806710364776e+00,-5.119198949031281032e+00,-1.000000000000000000e+00
-5.843851343870536397e+00,-5.701920752800669234e+00,-1.000000000000000000e+00
-6.309573515573239533e+00,-4.444827337726456662e+00,-1.000000000000000000e+00
-5.809787048451813263e+00,-7.002432787800586311e+00,-1.000000000000000000e+00
-4.750024009246072154e+00,-5.936662033661596283e+00,-1.000000000000000000e+00
-5.818102961135113382e+00,-5.419580676138652464e+00,-1.000000000000000000e+00
-4.771683604525268407e+00,-5.283395799208966181e+00,-1.000000000000000000e+00
-6.371955972299929272e+00,-6.945990551242226196e+00,-1.000000000000000000e+00
-5.839755557885005999e+00,-4.994547626283788233e+00,-1.000000000000000000e+00
-5.998487956412733801e+00,-5.338991285759250083e+00,-1.000000000000000000e+00
-6.576535175173975567e+00,-6.251736088629271215e+00,-1.000000000000000000e+00
-7.708951204247348699e+00,-4.936564190864850765e+00,-1.000000000000000000e+00
-7.731285224966963909e+00,-5.157102148175427558e+00,-1.000000000000000000e+00
-6.856129062172352739e+00,-4.791950500306882077e+00,-1.000000000000000000e+00
-6.390125821703322551e+00,-6.229217857474087516e+00,-1.000000000000000000e+00
-7.045021887294487861e+00,-4.514018703756601525e+00,-1.000000000000000000e+00
-5.299104517484119370e+00,-4.596575595827445682e+00,-1.000000000000000000e+00
-5.083359443209399586e+00,-3.684947034771166585e+00,-1.000000000000000000e+00
-7.145588939796726713e+00,-5.226623294291357524e+00,-1.000000000000000000e+00
-7.359565508848679549e+00,-4.719239365292998478e+00,-1.000000000000000000e+00
-8.061405872707201326e+00,-4.342042491169866736e+00,-1.000000000000000000e+00
-5.768763609736177855e+00,-5.492445448072382774e+00,-1.000000000000000000e+00
-5.695905050110194878e+00,-4.047006057541270962e+00,-1.000000000000000000e+00
-6.259430295496714258e+00,-5.447968797025302123e+00,-1.000000000000000000e+00
-5.030031010293829041e+00,-5.162595716530304912e+00,-1.000000000000000000e+00
-5.766425462034588278e+00,-6.779904717759231758e+00,-1.000000000000000000e+00
-5.051591700271872654e+00,-6.425515991114273184e+00,-1.000000000000000000e+00
-5.324969147536890546e+00,-4.740525225308669377e+00,-1.000000000000000000e+00
-4.769030153640943404e+00,-4.875892582547750820e+00,-1.000000000000000000e+00
-3.014867135688362954e+00,-4.301494879262120818e+00,-1.000000000000000000e+00
-4.072397602512269899e+00,-6.246872080639550795e+00,-1.000000000000000000e+00
-5.978290720180044815e+00,-6.281791252236158307e+00,-1.000000000000000000e+00
-6.201920481718708800e+00,-4.291574832397039962e+00,-1.000000000000000000e+00
-5.208385757972772367e+00,-4.640545356197899984e+00,-1.000000000000000000e+00
-6.401711314019877364e+00,-6.350653088659764300e+00,-1.000000000000000000e+00
-6.024173771180043602e+00,-5.995905755373609480e+00,-1.000000000000000000e+00
-6.563221128339117527e+00,-5.591759501009227584e+00,-1.000000000000000000e+00
-6.258913047991734757e+00,-6.445066030087335029e+00,-1.000000000000000000e+00
-7.213624366491298900e+00,-5.217494938057705589e+00,-1.000000000000000000e+00
-3.639562310331696526e+00,-3.987805196689768295e+00,-1.000000000000000000e+00
-4.135568401872321331e+00,-5.899734959884782803e+00,-1.000000000000000000e+00
-3.393717670246612084e+00,-6.478643521527359894e+00,-1.000000000000000000e+00
-6.204374480585013174e+00,-5.624266660735933954e+00,-1.000000000000000000e+00
-4.751130575738540252e+00,-6.978844934210536088e+00,-1.000000000000000000e+00
-5.491892566832204281e+00,-6.924553108298528770e+00,-1.000000000000000000e+00
-4.264416207131970005e+00,-4.889436113562539710e+00,-1.000000000000000000e+00
-5.776585819329620008e+00,-4.228625856228081403e+00,-1.000000000000000000e+00
-4.986653477889987585e+00,-6.424206452088164987e+00,-1.000000000000000000e+00
-4.477756185023633151e+00,-7.455609025375208532e+00,-1.000000000000000000e+00
-5.747742632272116126e+00,-6.027248597475594494e+00,-1.000000000000000000e+00
-7.799831024646028510e+00,-4.447847461502012045e+00,-1.000000000000000000e+00
-5.414624212018200211e+00,-5.299793894873639388e+00,-1.000000000000000000e+00
-6.369931061458464328e+00,-6.389104722150905857e+00,-1.000000000000000000e+00
-4.631625147614338189e+00,-4.740010915919783407e+00,-1.000000000000000000e+00
-7.218969247546546342e+00,-4.590527260451537472e+00,-1.000000000000000000e+00
-6.337667011299231490e+00,-3.626236557766628010e+00,-1.000000000000000000e+00
-5.333916295619947512e+00,-5.620995522219159213e+00,-1.000000000000000000e+00
-6.476614316136521943e+00,-6.071287085043127085e+00,-1.000000000000000000e+00
-6.854050846572455669e+00,-6.202587376311545775e+00,-1.000000000000000000e+00
-6.116979080110400702e+00,-5.685441252654984012e+00,-1.000000000000000000e+00
-6.922310861315076558e+00,-6.383071471186400281e+00,-1.000000000000000000e+00
-4.548705056765462551e+00,-4.288863724410258982e+00,-1.000000000000000000e+00
-5.718336322023175100e+00,-5.544328862390019097e+00,-1.000000000000000000e+00
-5.141042650242899192e+00,-5.860357381596424275e+00,-1.000000000000000000e+00
-6.506360756921530708e+00,-5.698419161358674323e+00,-1.000000000000000000e+00
-5.688961190623041730e+00,-5.798194406151065294e+00,-1.000000000000000000e+00
-5.754159104312339679e+00,-4.444035753595754201e+00,-1.000000000000000000e+00
-4.828745257822505188e+00,-5.244021104333172367e+00,-1.000000000000000000e+00
-6.672299518380964578e+00,-4.870272870429463552e+00,-1.000000000000000000e+00
-7.040259361040513753e+00,-4.842284946121790057e+00,-1.000000000000000000e+00
-6.083886872138164037e+00,-5.605093108442731342e+00,-1.000000000000000000e+00
-5.684164534527657686e+00,-5.845484576355685746e+00,-1.000000000000000000e+00
-3.606078204382254793e+00,-6.073749369811179299e+00,-1.000000000000000000e+00
-6.144349563856852825e+00,-6.893815916878264893e+00,-1.000000000000000000e+00
-7.359721702825711809e+00,-5.774824749995026707e+00,-1.000000000000000000e+00
-7.141974313879257075e+00,-5.646941090829974641e+00,-1.000000000000000000e+00
-6.165937528103386356e+00,-3.452473514856889913e+00,-1.000000000000000000e+00
-4.249097220454221890e+00,-6.618712425587642834e+00,-1.000000000000000000e+00
-6.829067978556644825e+00,-4.765433346446412699e+00,-1.000000000000000000e+00
-5.827071948018716085e+00,-4.625959757053413668e+00,-1.000000000000000000e+00
-5.556073206068144366e+00,-7.002945654293582400e+00,-1.000000000000000000e+00
-4.563139713238421713e+00,-4.841370673477505271e+00,-1.000000000000000000e+00
-5.686971277932959978e+00,-7.193141676951136709e+00,-1.000000000000000000e+00
-7.373872930278356108e+00,-5.295672136713593936e+00,-1.000000000000000000e+00
-5.974470337552499011e+00,-6.903599472898625855e+00,-1.000000000000000000e+00
-6.242773531783464058e+00,-4.769195094567944437e+00,-1.000000000000000000e+00
-5.780925767583335428e+00,-6.797914489126452686e+00,-1.000000000000000000e+00
-3.585000556728163090e+00,-6.117255221815305788e+00,-1.000000000000000000e+00
-8.576766260948996745e+00,-3.751963495812758786e+00,-1.000000000000000000e+00
-6.501447953947127267e+00,-5.067221066413812203e+00,-1.000000000000000000e+00
-6.373560670129887029e+00,-5.518725614838620785e+00,-1.000000000000000000e+00
-6.546205466179451982e+00,-6.009700594445002153e+00,-1.000000000000000000e+00
-4.487391621565985034e+00,-6.124829393333666161e+00,-1.000000000000000000e+00
-6.484595442139229782e+00,-6.421309401794915495e+00,-1.000000000000000000e+00
-5.433159876934936960e+00,-6.114976060132563340e+00,-1.000000000000000000e+00
-6.614370018519295513e+00,-4.997610021275370684e+00,-1.000000000000000000e+00
-6.364703263871247962e+00,-6.907684610812352410e+00,-1.000000000000000000e+00
-5.973479963866003217e+00,-4.945281560377511099e+00,-1.000000000000000000e+00
-8.122432869451472470e+00,-3.939632424716855041e+00,-1.000000000000000000e+00
-6.524450118944780108e+00,-4.253822226587695710e+00,-1.000000000000000000e+00
-3.956758872049679354e+00,-6.634233710771320069e+00,-1.000000000000000000e+00
-5.897182101618338557e+00,-5.991540404255829344e+00,-1.000000000000000000e+00
-6.165502899846719842e+00,-3.729954255960373999e+00,-1.000000000000000000e+00
-4.944140915074560994e+00,-6.165344067426470787e+00,-1.000000000000000000e+00
-6.680900144973470844e+00,-5.919522495651948546e+00,-1.000000000000000000e+00
-3.660587455291433923e+00,-6.876592848593194418e+00,-1.000000000000000000e+00
-5.479567635489925870e+00,-7.709348757203678737e+00,-1.000000000000000000e+00
-6.211671261389605903e+00,-3.697612009559393620e+00,-1.000000000000000000e+00
-6.303633157124483688e+00,-4.893151796193325964e+00,-1.000000000000000000e+00
-6.402409473823322372e+00,-5.345794635255517235e+00,-1.000000000000000000e+00
-6.441025568299655113e+00,-5.380898717749056814e+00,-1.000000000000000000e+00
-4.545381194477238651e+00,-4.907318203158734349e+00,-1.000000000000000000e+00
-5.623767140329462677e+00,-2.955039884936114802e+00,-1.000000000000000000e+00
-5.590052995540583325e+00,-7.150827037784408979e+00,-1.000000000000000000e+00
-7.409568330820803794e+00,-4.863008085500508670e+00,-1.000000000000000000e+00
-6.555180315911958822e+00,-3.137797714137853688e+00,-1.000000000000000000e+00
-4.740709555049855695e+00,-6.983007952322299872e+00,-1.000000000000000000e+00
-4.111610648343284602e+00,-6.582148819333271561e+00,-1.000000000000000000e+00
-5.900785730868895129e+00,-7.498154597633395646e+00,-1.000000000000000000e+00
-5.477126102902807325e+00,-4.430428579639707820e+00,-1.000000000000000000e+00
-4.318219072637903722e+00,-5.055421296429017275e+00,-1.000000000000000000e+00
-6.685351795096074135e+00,-5.188973625705383341e+00,-1.000000000000000000e+00
-4.926537432452106735e+00,-6.493324217759755435e+00,-1.000000000000000000e+00
-8.389318724107994285e+00,-4.655361722960979165e+00,-1.000000000000000000e+00
-6.631929533425929613e+00,-5.429718559347285201e+00,-1.000000000000000000e+00
-4.405761439380087907e+00,-5.577000444876765606e+00,-1.000000000000000000e+00
-7.265977814629960285e+00,-3.743766566033523091e+00,-1.000000000000000000e+00
-7.600807163276138922e+00,-4.513182050352027019e+00,-1.000000000000000000e+00
-5.674628724875107721e+00,-5.098420713762742196e+00,-1.000000000000000000e+00
-5.852012786857022419e+00,-6.046553866275184319e+00,-1.000000000000000000e+00
-3.727171416281929162e+00,-5.586453249997878956e+00,-1.000000000000000000e+00
-6.607058519294088939e+00,-6.794561957316021861e+00,-1.000000000000000000e+00
-3.171235950440326690e+00,-5.101164623400736176e+00,-1.000000000000000000e+00
-6.916778397254095267e+00,-4.615300573771807358e+00,-1.000000000000000000e+00
-4.393633999913880928e+00,-6.555398304699848744e+00,-1.000000000000000000e+00
-4.911738887659619301e+00,-6.394095649640110679e+00,-1.000000000000000000e+00
-5.954395083872443095e+00,-6.232763658500820370e+00,-1.000000000000000000e+00
-4.061597549445814082e+00,-5.701682373115939839e+00,-1.000000000000000000e+00
-5.942418085205751765e+00,-4.941325399178635891e+00,-1.000000000000000000e+00
-6.686139878528260638e+00,-3.999371376660241673e+00,-1.000000000000000000e+00
-7.338548102901911285e+00,-3.848810640661590732e+00,-1.000000000000000000e+00
-6.567431226700928271e+00,-5.603047467570231532e+00,-1.000000000000000000e+00
-4.236741635375283366e+00,-5.764046448987510729e+00,-1.000000000000000000e+00
-4.752948364493053468e+00,-4.068671478802932562e+00,-1.000000000000000000e+00
-5.225634553265066984e+00,-5.578377540389051426e+00,-1.000000000000000000e+00
-6.812002777712345747e+00,-6.559598335207700082e+00,-1.000000000000000000e+00
-5.871288594106572667e+00,-7.559745834270485965e+00,-1.000000000000000000e+00
-6.118725934036782554e+00,-5.220491294538970095e+00,-1.000000000000000000e+00
-7.008280746247551818e+00,-5.698085563719280877e+00,-1.000000000000000000e+00
-4.864173287227207432e+00,-6.374961337777445003e+00,-1.000000000000000000e+00
-6.792715928188530761e+00,-6.171887520962420659e+00,-1.000000000000000000e+00
-6.111744396829124071e+00,-4.914817134341139315e+00,-1.000000000000000000e+00
-6.941155289738166978e+00,-5.357576149649201369e+00,-1.000000000000000000e+00
-5.485036405999839104e+00,-4.480742086214561937e+00,-1.000000000000000000e+00
-5.142054449016894679e+00,-5.945013038104269398e+00,-1.000000000000000000e+00
-7.970165112073654079e+00,-4.161801964264971510e+00,-1.000000000000000000e+00
-6.805675595354471419e+00,-4.756123359881129886e+00,-1.000000000000000000e+00
-6.799821259316884969e+00,-4.571466856579124993e+00,-1.000000000000000000e+00
-5.752296078774923771e+00,-5.841264823040442700e+00,-1.000000000000000000e+00
-5.373365962337024015e+00,-5.118709584213689823e+00,-1.000000000000000000e+00
-5.927897853879885659e+00,-5.524489229541945434e+00,-1.000000000000000000e+00
-5.869734312417046240e+00,-5.257341374451245386e+00,-1.000000000000000000e+00
-7.990105166370773837e+00,-5.405190307084866141e+00,-1.000000000000000000e+00
-7.252743243490946234e+00,-5.269556053304548016e+00,-1.000000000000000000e+00
-5.587631759380588647e+00,-5.831088842039830134e+00,-1.000000000000000000e+00
-4.669037649287017366e+00,-6.792641723340124393e+00,-1.000000000000000000e+00
-5.990452556708246057e+00,-6.083573354219852902e+00,-1.000000000000000000e+00
-7.655998109025418330e+00,-5.470329374632282082e+00,-1.000000000000000000e+00
-5.959009087745360311e+00,-6.106920304788917342e+00,-1.000000000000000000e+00
-7.818926129577349116e+00,-5.916046224903125150e+00,-1.000000000000000000e+00
-5.858011291029259660e+00,-4.323770922174771769e+00,-1.000000000000000000e+00
-7.365995042038275820e+00,-4.597790170384015163e+00,-1.000000000000000000e+00
-8.181536927356141575e+00,-5.333657155701651220e+00,-1.000000000000000000e+00
-5.510687721209585277e+00,-6.268210756301291653e+00,-1.000000000000000000e+00
-7.045240014529777106e+00,-7.093897092705079288e+00,-1.000000000000000000e+00
-6.428941068711636397e+00,-3.999121121827472702e+00,-1.000000000000000000e+00
-5.061061671047129451e+00,-4.665556021596830583e+00,-1.000000000000000000e+00
-6.925193209977104303e+00,-5.996596298571212458e+00,-1.000000000000000000e+00
-5.344613235615614855e+00,-6.320032313952756553e+00,-1.000000000000000000e+00
-5.868431225070839474e+00,-4.579532024388214495e+00,-1.000000000000000000e+00
-6.886443356164854812e+00,-5.653024136437304392e+00,-1.000000000000000000e+00
-6.270080475264924402e+00,-5.958470692339349561e+00,-1.000000000000000000e+00
-7.788186468429207032e+00,-4.955393803597264224e+00,-1.000000000000000000e+00
-5.936828025749212756e+00,-5.791588382567431026e+00,-1.000000000000000000e+00
-4.610756884130319477e+00,-6.256062816507250268e+00,-1.000000000000000000e+00
-6.866133640285504214e+00,-5.205444529301055390e+00,-1.000000000000000000e+00
-4.168652448848838787e+00,-6.612320086932808927e+00,-1.000000000000000000e+00
-5.092782294462820936e+00,-5.877731819711361716e+00,-1.000000000000000000e+00
-7.241131127864469441e+00,-5.554527725679297312e+00,-1.000000000000000000e+00
-5.704619860081709959e+00,-5.573474200174371340e+00,-1.000000000000000000e+00
-4.182928942097027480e+00,-6.033079824761760079e+00,-1.000000000000000000e+00
-5.964545678849963117e+00,-6.462939423986860277e+00,-1.000000000000000000e+00
-4.435284374015385112e+00,-6.307855406911167861e+00,-1.000000000000000000e+00
-6.592690176241581490e+00,-4.670101728217900927e+00,-1.000000000000000000e+00
-4.742003252260624357e+00,-6.456403930381678258e+00,-1.000000000000000000e+00
-5.907326897147873623e+00,-4.302892195829077338e+00,-1.000000000000000000e+00
-7.459564808935380320e+00,-4.510558514930080420e+00,-1.000000000000000000e+00
-7.650044930168464319e+00,-6.059250587946015898e+00,-1.000000000000000000e+00
-5.797899729080776332e+00,-3.951353386786963462e+00,-1.000000000000000000e+00
-5.283380366914473214e+00,-4.432851525642693247e+00,-1.000000000000000000e+00
-7.124553732521132332e+00,-4.263487069974603472e+00,-1.000000000000000000e+00
-7.851743112583549511e+00,-4.827160862134173058e+00,-1.000000000000000000e+00
-5.016505352103730608e+00,-4.416754573255217586e+00,-1.000000000000000000e+00
-6.832048577323381444e+00,-6.314859600816872920e+00,-1.000000000000000000e+00
-4.699411923869673657e+00,-3.095216672349168530e+00,-1.000000000000000000e+00
-2.752098213431790619e+00,-5.771589778540461957e+00,-1.000000000000000000e+00
-5.119050151136379512e+00,-5.379465304081789689e+00,-1.000000000000000000e+00
-7.353761482500734026e+00,-6.157669208330050381e+00,-1.000000000000000000e+00
-4.542312734318127099e+00,-7.096312920143923897e+00,-1.000000000000000000e+00
-6.478352559259326071e+00,-6.941999667765748505e+00,-1.000000000000000000e+00
-6.370895794022271019e+00,-4.679488392687240150e+00,-1.000000000000000000e+00
-6.129213141801511888e+00,-5.176359436779902623e+00,-1.000000000000000000e+00
-4.577145827204263995e+00,-6.514385026233675546e+00,-1.000000000000000000e+00
-5.622134066156881715e+00,-4.874641729815051505e+00,-1.000000000000000000e+00
-5.352875041555362756e+00,-4.100969194087793923e+00,-1.000000000000000000e+00
-6.556945916400664487e+00,-5.132779802159559424e+00,-1.000000000000000000e+00
-5.727023539618762094e+00,-3.964518772787865686e+00,-1.000000000000000000e+00
-4.805986787886235234e+00,-6.443306509745289290e+00,-1.000000000000000000e+00
-5.786274475076549351e+00,-6.262505671125937035e+00,-1.000000000000000000e+00
-4.599088963930828555e+00,-5.572422966075227357e+00,-1.000000000000000000e+00
-5.142023711480268489e+00,-5.283618251213436423e+00,-1.000000000000000000e+00
-5.907729894227649936e+00,-6.803149320599854555e+00,-1.000000000000000000e+00
-6.469625260029753022e+00,-3.400805391583615389e+00,-1.000000000000000000e+00
-5.925819753834256076e+00,-4.975684753022954432e+00,-1.000000000000000000e+00
-7.590676497168442616e+00,-4.145887056142179006e+00,-1.000000000000000000e+00
-6.879404018244737351e+00,-4.298411955431559406e+00,-1.000000000000000000e+00
-7.214591411406314769e+00,-4.537872331587612607e+00,-1.000000000000000000e+00
-5.972112492046737664e+00,-4.865024394405938146e+00,-1.000000000000000000e+00
-4.772563481426507437e+00,-6.983033347380270150e+00,-1.000000000000000000e+00
-6.803684701296613291e+00,-3.616133484017929334e+00,-1.000000000000000000e+00
-6.757661969621664433e+00,-6.056230920529191764e+00,-1.000000000000000000e+00
-7.181003278716758587e+00,-4.790390596485125663e+00,-1.000000000000000000e+00
-4.355779537286124103e+00,-5.673836344410681853e+00,-1.000000000000000000e+00
-6.513405677157458662e+00,-4.318040031851030136e+00,-1.000000000000000000e+00
-5.768163923406934401e+00,-6.117728100995597273e+00,-1.000000000000000000e+00
-3.836031531400801775e+00,-5.020690781622374033e+00,-1.000000000000000000e+00
-5.484072036826161067e+00,-4.136952146772316041e+00,-1.000000000000000000e+00
-4.906909261928967148e+00,-4.282031297838024386e+00,-1.000000000000000000e+00
-3.829459188311794104e+00,-6.405338053498095263e+00,-1.000000000000000000e+00
-5.250968216779217101e+00,-6.467419768794560930e+00,-1.000000000000000000e+00
-4.702559300803194731e+00,-6.785138556948534294e+00,-1.000000000000000000e+00
-8.220119154526305039e+00,-4.918732851388980976e+00,-1.000000000000000000e+00
-7.883994579400737557e+00,-6.503406237652693989e+00,-1.000000000000000000e+00
-8.579664768873275449e+00,-4.179938650686840340e+00,-1.000000000000000000e+00
-6.385725183709803687e+00,-4.012504124982390508e+00,-1.000000000000000000e+00
-5.090628599189881420e+00,-5.499356316867532790e+00,-1.000000000000000000e+00
-5.877585643904161827e+00,-6.229235263303076309e+00,-1.000000000000000000e+00
-4.249202418844593154e+00,-6.462216184070495473e+00,-1.000000000000000000e+00
-6.331614076946337377e+00,-4.356200210309688181e+00,-1.000000000000000000e+00
-5.975680136873963377e+00,-5.061092827578903552e+00,-1.000000000000000000e+00
-6.537133587157209824e+00,-5.949570278889911634e+00,-1.000000000000000000e+00
-4.439165809316412137e+00,-6.835305217028427194e+00,-1.000000000000000000e+00
-3.800664980030016071e+00,-5.746762863224004647e+00,-1.000000000000000000e+00
-8.211898938963498651e+00,-3.318216385374409327e+00,-1.000000000000000000e+00
-5.578866334212179368e+00,-5.667468792994263538e+00,-1.000000000000000000e+00
-7.407198161871904496e+00,-5.369151055056233801e+00,-1.000000000000000000e+00
-6.931862161060649896e+00,-7.208492229144972896e+00,-1.000000000000000000e+00
-4.903270906505134974e+00,-6.607133527082585722e+00,-1.000000000000000000e+00
-6.907794432457297518e+00,-5.792307041676229673e+00,-1.000000000000000000e+00
-6.497551397830991782e+00,-5.031917219588146750e+00,-1.000000000000000000e+00
-8.376166958995526102e+00,-5.361064184278431455e+00,-1.000000000000000000e+00
-4.680633669358568838e+00,-8.622889340255245116e+00,-1.000000000000000000e+00
-5.258232938731115524e+00,-4.674576369992509584e+00,-1.000000000000000000e+00
-5.827010897273535051e+00,-4.887913352916014809e+00,-1.000000000000000000e+00
-5.742376702601462490e+00,-5.359733362001417589e+00,-1.000000000000000000e+00
-3.441818342013832854e+00,-4.800210600702395247e+00,-1.000000000000000000e+00
-6.964261544851401808e+00,-6.321987403633021252e+00,-1.000000000000000000e+00
-3.520919658789166906e+00,-6.185400780597098525e+00,-1.000000000000000000e+00
-5.890713127860429665e+00,-5.814749341331005184e+00,-1.000000000000000000e+00
-7.700923341325727201e+00,-5.187260902083223435e+00,-1.000000000000000000e+00
-4.664200100514406699e+00,-5.410536391276487223e+00,-1.000000000000000000e+00
-7.089239430911877804e+00,-6.232593375153384407e+00,-1.000000000000000000e+00
-5.954551981728513077e+00,-3.496553608753100395e+00,-1.000000000000000000e+00
-5.775850388841300642e+00,-6.203473102969888409e+00,-1.000000000000000000e+00
-4.746536568186314753e+00,-5.239448935622267101e+00,-1.000000000000000000e+00
-7.325660741690918520e+00,-5.930407314089571003e+00,-1.000000000000000000e+00
-6.618442681622544121e+00,-3.857900312954380517e+00,-1.000000000000000000e+00
-7.115677105356019716e+00,-7.131249230612830559e+00,-1.000000000000000000e+00
-7.431403970874159270e+00,-6.400036914543902888e+00,-1.000000000000000000e+00
-6.289149340263807453e+00,-4.291071412093264037e+00,-1.000000000000000000e+00
-8.020306899222926944e+00,-7.110055275391126806e+00,-1.000000000000000000e+00
-4.790317138193539215e+00,-5.328176037178669056e+00,-1.000000000000000000e+00
-6.430806747177341798e+00,-6.805588312973150700e+00,-1.000000000000000000e+00
-5.415765850962209527e+00,-5.772710395016630081e+00,-1.000000000000000000e+00
-3.315038155769404860e+00,-5.095519592662707709e+00,-1.000000000000000000e+00
-6.722865742724835059e+00,-4.952055256403337324e+00,-1.000000000000000000e+00
-5.216016495592917579e+00,-6.187325652873278514e+00,-1.000000000000000000e+00
-5.584748361073506473e+00,-6.691154201878063645e+00,-1.000000000000000000e+00
-5.604310268138326556e+00,-4.547745754979558797e+00,-1.000000000000000000e+00
-5.855192997256564169e+00,-5.964246896076868865e+00,-1.000000000000000000e+00
-5.769020331157840076e+00,-4.791818228262238577e+00,-1.000000000000000000e+00
-5.886244092042907994e+00,-6.935339046045415401e+00,-1.000000000000000000e+00
-7.491148146225184767e+00,-6.101485850883364925e+00,-1.000000000000000000e+00
-6.520654216242250278e+00,-5.304507516185541505e+00,-1.000000000000000000e+00
-4.340772212757572746e+00,-4.899540277509825792e+00,-1.000000000000000000e+00
-6.751634667060814721e+00,-4.502415865296269359e+00,-1.000000000000000000e+00
-6.181618636936668132e+00,-4.894431245742961067e+00,-1.000000000000000000e+00
-5.046135786498087583e+00,-6.527154005533644110e+00,-1.000000000000000000e+00
-3.973809123907775742e+00,-6.200934304101650696e+00,-1.000000000000000000e+00
-7.624236612337077723e+00,-5.037816987142156755e+00,-1.000000000000000000e+00
-6.373767655461383796e+00,-5.823931282918431762e+00,-1.000000000000000000e+00
-5.517099930658096341e+00,-6.062223327975742926e+00,-1.000000000000000000e+00
-3.821085389195506110e+00,-5.416355361729236151e+00,-1.000000000000000000e+00
-5.489500965693322243e+00,-4.740167510939359730e+00,-1.000000000000000000e+00
-6.557298497555530403e+00,-6.009399717213027792e+00,-1.000000000000000000e+00
-6.198703964645543962e+00,-6.986437530730660761e+00,-1.000000000000000000e+00
-6.703164989960070486e+00,-4.974410195319135752e+00,-1.000000000000000000e+00
-5.651965498775231467e+00,-7.181982739659136250e+00,-1.000000000000000000e+00
-5.716927878878306224e+00,-6.742326419181714492e+00,-1.000000000000000000e+00
-6.475331416696755937e+00,-6.302102448281601710e+00,-1.000000000000000000e+00
-7.740965419959017879e+00,-3.584136916955014129e+00,-1.000000000000000000e+00
-6.095991739793664266e+00,-6.936038222633385431e+00,-1.000000000000000000e+00
-6.577065199386016303e+00,-7.174193310304960214e+00,-1.000000000000000000e+00
-6.732807745741355099e+00,-4.293141943276115313e+00,-1.000000000000000000e+00
-7.712355261207072488e+00,-5.169276954953473613e+00,-1.000000000000000000e+00
-6.209311321999483546e+00,-3.954923544666983926e+00,-1.000000000000000000e+00
-5.717875577604419668e+00,-6.361456974987735435e+00,-1.000000000000000000e+00
-7.313525643949589927e+00,-4.656399990803198108e+00,-1.000000000000000000e+00
-6.397058120163973349e+00,-5.359134885319452479e+00,-1.000000000000000000e+00
-4.070642555421178699e+00,-5.324400696123913868e+00,-1.000000000000000000e+00
-3.257711442628293597e+00,-5.845362952598401662e+00,-1.000000000000000000e+00
-5.665031554445504547e+00,-5.831899015377169704e+00,-1.000000000000000000e+00
-5.093519750581450900e+00,-5.394033436460728304e+00,-1.000000000000000000e+00
-5.680485132791212699e+00,-3.991484551674505887e+00,-1.000000000000000000e+00
-5.767149812815448584e+00,-5.774424667805350353e+00,-1.000000000000000000e+00
-5.463418803802432500e+00,-5.637183451376939658e+00,-1.000000000000000000e+00
-4.926951621169996187e+00,-4.838427248174422601e+00,-1.000000000000000000e+00
-8.187749664828153584e+00,-6.319253049912837206e+00,-1.000000000000000000e+00
-4.898920927636712719e+00,-7.067109928645849415e+00,-1.000000000000000000e+00
-6.986722611442403696e+00,-5.878972378706495583e+00,-1.000000000000000000e+00
-5.936225638392665260e+00,-4.106393401598505299e+00,-1.000000000000000000e+00
-7.169386467471613678e+00,-5.941936023083115082e+00,-1.000000000000000000e+00
-5.674274170891675517e+00,-8.353749195895435520e+00,-1.000000000000000000e+00
-6.947626322581080593e+00,-6.268552345031888073e+00,-1.000000000000000000e+00
-5.845951079925820082e+00,-5.313928857892642910e+00,-1.000000000000000000e+00
-4.069634518122953182e+00,-5.489113197122874155e+00,-1.000000000000000000e+00
-5.001875800810075212e+00,-6.582364987713025251e+00,-1.000000000000000000e+00
-4.577042311324293067e+00,-6.142709374514846665e+00,-1.000000000000000000e+00
-4.232229887053945205e+00,-4.055308836512637072e+00,-1.000000000000000000e+00
-5.111598520758030340e+00,-5.731668853358364402e+00,-1.000000000000000000e+00
-5.222378794044868044e+00,-4.962172982105338193e+00,-1.000000000000000000e+00
-6.499273245041790936e+00,-6.706554607212788177e+00,-1.000000000000000000e+00
-5.931664732257136308e+00,-5.057375266838707084e+00,-1.000000000000000000e+00
-4.919457587921518993e+00,-7.081149264169755320e+00,-1.000000000000000000e+00
-5.069332218614593266e+00,-5.681012266627874396e+00,-1.000000000000000000e+00
-6.428365900567325930e+00,-7.547692297692054630e+00,-1.000000000000000000e+00
-4.593691235287380437e+00,-5.027957717990008568e+00,-1.000000000000000000e+00
-6.319700648573194357e+00,-4.642679913734200525e+00,-1.000000000000000000e+00
-4.939790668388592820e+00,-3.795266167256102552e+00,-1.000000000000000000e+00
-5.913934297549810815e+00,-5.750142173430180748e+00,-1.000000000000000000e+00
-5.539902930980064255e+00,-6.110349236489492242e+00,-1.000000000000000000e+00
-7.608932282273815240e+00,-6.777476146414060487e+00,-1.000000000000000000e+00
-4.018327413816457749e+00,-5.049251298016605993e+00,-1.000000000000000000e+00
-5.506554409197408795e+00,-6.869708694025961293e+00,-1.000000000000000000e+00
-6.018298477570891869e+00,-6.223793068143583795e+00,-1.000000000000000000e+00
-6.707215444675766136e+00,-6.330702182795327815e+00,-1.000000000000000000e+00
-8.077675500949439424e+00,-5.752265635986766767e+00,-1.000000000000000000e+00
-5.779242787964724570e+00,-5.525986510866884416e+00,-1.000000000000000000e+00
-6.189505280505642304e+00,-5.436472740459317166e+00,-1.000000000000000000e+00
-5.916706897672532328e+00,-5.584420059643244727e+00,-1.000000000000000000e+00
-7.378289805079709218e+00,-4.899458979484716536e+00,-1.000000000000000000e+00
-7.252322558642677386e+00,-5.581503133996783106e+00,-1.000000000000000000e+00
-5.945119399760727674e+00,-5.631294336695410685e+00,-1.000000000000000000e+00
-7.232966331473987154e+00,-5.442950848989504209e+00,-1.000000000000000000e+00
-5.199525351513052840e+00,-6.035888251993619669e+00,-1.000000000000000000e+00
-6.734963487508963453e+00,-7.239488053949997060e+00,-1.000000000000000000e+00
-4.496216248401066373e+00,-5.102850193963659464e+00,-1.000000000000000000e+00
-5.714279559788006502e+00,-5.861914968650237867e+00,-1.000000000000000000e+00
-6.297773122222272590e+00,-4.769237228804874107e+00,-1.000000000000000000e+00
-7.543050891213649578e+00,-4.045175932242716321e+00,-1.000000000000000000e+00
-5.388623293496084266e+00,-5.724926871426655239e+00,-1.000000000000000000e+00
-6.348366907439554119e+00,-4.314611346448351092e+00,-1.000000000000000000e+00
-4.628760982446989303e+00,-5.484192266259057646e+00,-1.000000000000000000e+00
-7.904283119266436231e+00,-4.681563921425107466e+00,-1.000000000000000000e+00
-6.287001082471555868e+00,-6.267951112906682276e+00,-1.000000000000000000e+00
-4.724548605325134432e+00,-6.106089242085293023e+00,-1.000000000000000000e+00
-6.881670196752912361e+00,-5.327935520746690301e+00,-1.000000000000000000e+00
-6.734246003498134847e+00,-4.173741977083032850e+00,-1.000000000000000000e+00
-5.192550560217866540e+00,-5.136778560703037400e+00,-1.000000000000000000e+00
-5.714182357338740914e+00,-5.521169057549453640e+00,-1.000000000000000000e+00
-6.070261627186637199e+00,-2.951208247124170292e+00,-1.000000000000000000e+00
-4.498226760155963788e+00,-6.569111654769303144e+00,-1.000000000000000000e+00
-7.267581762088803465e+00,-5.076667127912935840e+00,-1.000000000000000000e+00
-4.737898542313742745e+00,-4.412375926434426887e+00,-1.000000000000000000e+00
-5.504001948251456611e+00,-4.920527348497262921e+00,-1.000000000000000000e+00
-6.195415804612375510e+00,-6.959353142079601540e+00,-1.000000000000000000e+00
-5.052557865592435249e+00,-5.254978778887087643e+00,-1.000000000000000000e+00
-6.433878285428552779e+00,-6.063474276941045460e+00,-1.000000000000000000e+00
-8.110125114698689686e+00,-4.280419033694023767e+00,-1.000000000000000000e+00
-4.268236742896728941e+00,-5.025632596507521477e+00,-1.000000000000000000e+00
-7.129994952547271225e+00,-5.468019705750921666e+00,-1.000000000000000000e+00
-6.287111912854792095e+00,-4.519985719532202850e+00,-1.000000000000000000e+00
-6.348156800641882924e+00,-5.161995330481063959e+00,-1.000000000000000000e+00
-4.087396507266059409e+00,-6.770425290287390041e+00,-1.000000000000000000e+00
-6.075956130773592534e+00,-6.026544474541879914e+00,-1.000000000000000000e+00
-5.215160600279506120e+00,-5.154427728727080549e+00,-1.000000000000000000e+00
-6.044178251784486200e+00,-7.176159365254765277e+00,-1.000000000000000000e+00
-5.427772404109579618e+00,-6.306668060710076240e+00,-1.000000000000000000e+00
-6.220796075271898040e+00,-6.608432290599519199e+00,-1.000000000000000000e+00
-5.913815834947749650e+00,-6.407743570070666195e+00,-1.000000000000000000e+00
-6.829062368876802402e+00,-5.247461099795303952e+00,-1.000000000000000000e+00
-6.381269280601411964e+00,-4.995509657396505432e+00,-1.000000000000000000e+00
-4.502373376586723985e+00,-6.273683386381335048e+00,-1.000000000000000000e+00
-8.388293298251358721e+00,-5.900200440669009616e+00,-1.000000000000000000e+00
-6.893634064328763245e+00,-4.917090404555814587e+00,-1.000000000000000000e+00
-4.001275597485576263e+00,-5.900642402544203691e+00,-1.000000000000000000e+00
-7.020243452897109826e+00,-5.015472599435982559e+00,-1.000000000000000000e+00
-5.482375556494357483e+00,-3.877161136720758794e+00,-1.000000000000000000e+00
-4.478861684709711355e+00,-4.380465728920283297e+00,-1.000000000000000000e+00
-8.240121281386883823e+00,-5.684495162548806491e+00,-1.000000000000000000e+00
-6.002313151789454793e+00,-5.401516103722091344e+00,-1.000000000000000000e+00
-6.832868846941783758e+00,-3.857582268063569853e+00,-1.000000000000000000e+00
-8.216539471662315464e+00,-5.995952914286923452e+00,-1.000000000000000000e+00
-7.171789848699949843e+00,-4.298002439661916974e+00,-1.000000000000000000e+00
-3.337453701673850581e+00,-5.483949424316859833e+00,-1.000000000000000000e+00
-4.362037627168480647e+00,-5.514393987257708574e+00,-1.000000000000000000e+00
-5.335872879270114666e+00,-6.017410240117765596e+00,-1.000000000000000000e+00
-6.467136614693221652e+00,-5.447507726854338372e+00,-1.000000000000000000e+00
-4.175420815330753932e+00,-6.084895423680156235e+00,-1.000000000000000000e+00
-4.406141192815177021e+00,-5.724875365740087929e+00,-1.000000000000000000e+00
-4.463145511763154438e+00,-6.108511070697353773e+00,-1.000000000000000000e+00
-5.466334182999434077e+00,-3.690416673872797926e+00,-1.000000000000000000e+00
-3.638600598793624741e+00,-6.346647343188130286e+00,-1.000000000000000000e+00
-4.314871442851790029e+00,-5.838136667589054696e+00,-1.000000000000000000e+00
-5.455043254033323130e+00,-4.963815575981821659e+00,-1.000000000000000000e+00
-7.586669407847624669e+00,-5.009765922936353810e+00,-1.000000000000000000e+00
-5.508061440153242394e+00,-4.799451899075993566e+00,-1.000000000000000000e+00
-5.148077444867301011e+00,-5.492344460673907136e+00,-1.000000000000000000e+00
-7.256851934340285304e+00,-5.929521941892219594e+00,-1.000000000000000000e+00
-4.149010968044594350e+00,-6.230800032215921824e+00,-1.000000000000000000e+00
-7.474600084925549837e+00,-6.255819039457138686e+00,-1.000000000000000000e+00
-6.583219557785629839e+00,-5.547213280585641115e+00,-1.000000000000000000e+00
-5.282060022150179890e+00,-4.784203786602642339e+00,-1.000000000000000000e+00
-6.399820110012268692e+00,-6.139037685985617721e+00,-1.000000000000000000e+00
-5.976840800230534434e+00,-5.720578620965142136e+00,-1.000000000000000000e+00
-5.101189484583631639e+00,-4.725528858005005439e+00,-1.000000000000000000e+00
-5.501939988546149962e+00,-6.531362555118000124e+00,-1.000000000000000000e+00
-5.906499054098546253e+00,-4.867504753506247894e+00,-1.000000000000000000e+00
-6.253543235200392125e+00,-6.596701709682310621e+00,-1.000000000000000000e+00
-5.017357662275837349e+00,-3.499990655056625322e+00,-1.000000000000000000e+00
-7.198665107010556952e+00,-6.555963241610347048e+00,-1.000000000000000000e+00
-4.811797929649273442e+00,-5.978342146617181108e+00,-1.000000000000000000e+00
-6.774605931777030854e+00,-5.786553192100802434e+00,-1.000000000000000000e+00
-8.047588358275731935e+00,-3.884376889496178542e+00,-1.000000000000000000e+00
-5.742694219439583136e+00,-4.321071555838048361e+00,-1.000000000000000000e+00
-6.971442990556483643e+00,-6.980099671966535801e+00,-1.000000000000000000e+00
-5.724485223434403913e+00,-6.261791360965140996e+00,-1.000000000000000000e+00
-5.477359255943010652e+00,-5.619826933749934028e+00,-1.000000000000000000e+00
-6.972008801122065336e+00,-5.765962107206089371e+00,-1.000000000000000000e+00
-5.086649665266429032e+00,-6.013245556684985615e+00,-1.000000000000000000e+00
-3.348135516304287851e+00,-2.654405517743940290e+00,-1.000000000000000000e+00
-3.383293964374425755e+00,-2.669300193236879171e+00,-1.000000000000000000e+00
-2.662798293647480108e+00,-3.123594016404514839e+00,-1.000000000000000000e+00
-3.155576601221392163e+00,-2.749568156987628686e+00,-1.000000000000000000e+00
-4.241279574523820095e+00,-2.034456093391822762e+00,-1.000000000000000000e+00
-2.369213235647489757e+00,-3.331296729462293271e+00,-1.000000000000000000e+00
-2.899401066456394283e+00,-2.973655907997504233e+00,-1.000000000000000000e+00
-3.146415300471104182e+00,-2.628686058560733230e+00,-1.000000000000000000e+00
-3.129394414630151111e+00,-2.796993364567487816e+00,-1.000000000000000000e+00
-2.864234077976403281e+00,-2.963843474422172886e+00,-1.000000000000000000e+00
-3.837934545633616246e+00,-2.407076141765743138e+00,-1.000000000000000000e+00
-3.468606148022248092e+00,-2.486024547075997404e+00,-1.000000000000000000e+00
-2.971749916532100855e+00,-2.807499112426901977e+00,-1.000000000000000000e+00
-2.540534824525014557e+00,-3.094767148722992633e+00,-1.000000000000000000e+00
-2.866591195893385180e+00,-2.935742866856434485e+00,-1.000000000000000000e+00
-4.469999056092068379e+00,-1.928005934806439114e+00,-1.000000000000000000e+00
-4.236383061676978201e+00,-2.057776509964980960e+00,-1.000000000000000000e+00
-3.465234860044112519e+00,-2.520584174666563815e+00,-1.000000000000000000e+00
-2.905732195423251341e+00,-2.848879388983622807e+00,-1.000000000000000000e+00
-3.396161497181804823e+00,-2.535983244599033348e+00,-1.000000000000000000e+00
-2.683565737181210942e+00,-3.050865480045976241e+00,-1.000000000000000000e+00
-3.241861405560442222e+00,-2.719578727643154004e+00,-1.000000000000000000e+00
-2.504098175244688029e+00,-3.059122823933877910e+00,-1.000000000000000000e+00
-1.178657513834016290e+00,-3.924447250753526184e+00,-1.000000000000000000e+00
-2.386849928416914235e+00,-3.177113452993334253e+00,-1.000000000000000000e+00
-2.282657182423084574e+00,-3.319190547384514911e+00,-1.000000000000000000e+00
-2.689765859513800539e+00,-3.023261411577441660e+00,-1.000000000000000000e+00
-2.359182962909685433e+00,-3.348658455564271552e+00,-1.000000000000000000e+00
-2.622744409566197810e+00,-2.918671960581662006e+00,-1.000000000000000000e+00
-2.277487248828565569e+00,-3.203838668491585384e+00,-1.000000000000000000e+00
-1.863147293220477341e+00,-3.583433301519882708e+00,-1.000000000000000000e+00
-4.649761783351821443e+00,-1.718272294041232495e+00,-1.000000000000000000e+00
-2.562439484354040786e+00,-3.060448489606777844e+00,-1.000000000000000000e+00
-1.311131043853325906e+00,-3.976166629919056561e+00,-1.000000000000000000e+00
-2.210109851314983498e+00,-3.384984786458011374e+00,-1.000000000000000000e+00
-3.885818429327723145e+00,-2.271393932609922395e+00,-1.000000000000000000e+00
-2.026962012249241774e+00,-3.266716330292253279e+00,-1.000000000000000000e+00
-3.458784227531573663e+00,-2.690316554022959661e+00,-1.000000000000000000e+00
-2.575813992798842822e+00,-3.134929135020575242e+00,-1.000000000000000000e+00
-2.591115416756813783e+00,-3.054235203617294392e+00,-1.000000000000000000e+00
-4.057299705231858233e+00,-2.182761290920148589e+00,-1.000000000000000000e+00
-2.914011996502005708e+00,-2.899699362652059076e+00,-1.000000000000000000e+00
-2.944614841298762720e+00,-2.764994877441932619e+00,-1.000000000000000000e+00
-2.823972942618716786e+00,-3.061815397034652442e+00,-1.000000000000000000e+00
-3.479530769116033984e+00,-2.497880700588640757e+00,-1.000000000000000000e+00
-3.083104983101438989e+00,-2.868280588620661931e+00,-1.000000000000000000e+00
-3.224024451631093413e+00,-2.861487065680660358e+00,-1.000000000000000000e+00
-3.158399021626026926e+00,-2.753505411713039752e+00,-1.000000000000000000e+00
-2.039105508829565760e+00,-3.331184526772814181e+00,-1.000000000000000000e+00
-3.660107326182132415e+00,-2.395244937542258423e+00,-1.000000000000000000e+00
-2.343389389363120578e+00,-3.287810106831717150e+00,-1.000000000000000000e+00
-2.460739395876861746e+00,-3.223321691803544109e+00,-1.000000000000000000e+00
-3.062077433033755902e+00,-2.756509379610199151e+00,-1.000000000000000000e+00
-3.049023253887126472e+00,-2.708292713867255230e+00,-1.000000000000000000e+00
-3.214309084963180130e+00,-2.668086568158825500e+00,-1.000000000000000000e+00
-2.909213340044286777e+00,-2.976015418738047202e+00,-1.000000000000000000e+00
-2.903748325420213661e+00,-2.854240293939003692e+00,-1.000000000000000000e+00
-3.638308870393663685e+00,-2.432172191164074349e+00,-1.000000000000000000e+00
-3.779982474350689348e+00,-2.296551931772738087e+00,-1.000000000000000000e+00
-2.647301331388926648e+00,-2.993968173588697379e+00,-1.000000000000000000e+00
-1.913716609119225920e+00,-3.531751722830713369e+00,-1.000000000000000000e+00
-2.409199754931001802e+00,-3.159812801061236964e+00,-1.000000000000000000e+00
-2.970478071887448834e+00,-2.785390896969327734e+00,-1.000000000000000000e+00
-2.823602624147827367e+00,-2.913320115979058489e+00,-1.000000000000000000e+00
-4.253426490463133369e+00,-1.992511308352584276e+00,-1.000000000000000000e+00
-1.864295393112682664e+00,-3.515339627659520794e+00,-1.000000000000000000e+00
-2.989788450163171074e+00,-2.785272806233571874e+00,-1.000000000000000000e+00
-2.446054888355843282e+00,-3.101195664002300845e+00,-1.000000000000000000e+00
-2.274820917913939589e+00,-3.316093256681968082e+00,-1.000000000000000000e+00
-3.576818822156556887e+00,-2.500224303342855503e+00,-1.000000000000000000e+00
-3.619688997418577969e+00,-2.441629098924239738e+00,-1.000000000000000000e+00
-3.395629347440589640e+00,-2.614801962884050202e+00,-1.000000000000000000e+00
-2.811162500324781099e+00,-2.794285484910036921e+00,-1.000000000000000000e+00
-2.803312720851827144e+00,-3.022020240229296384e+00,-1.000000000000000000e+00
-2.350338467610406212e+00,-3.366549955144790829e+00,-1.000000000000000000e+00
-3.565198095825402369e+00,-2.581894291990847190e+00,-1.000000000000000000e+00
-4.159527970437701505e+00,-1.967785062749332070e+00,-1.000000000000000000e+00
-3.625246830611950077e+00,-2.459849423233195331e+00,-1.000000000000000000e+00
-3.815996644574400243e+00,-2.388201639256134712e+00,-1.000000000000000000e+00
-2.440788339846187149e+00,-3.123833286591619185e+00,-1.000000000000000000e+00
-2.159573438505619336e+00,-3.377365412501886599e+00,-1.000000000000000000e+00
-2.172830125289297420e+00,-3.294522663179045185e+00,-1.000000000000000000e+00
-2.450397735097686436e+00,-3.204694827786764399e+00,-1.000000000000000000e+00
-2.330287974678898255e+00,-3.328182440987728086e+00,-1.000000000000000000e+00
-2.354811527918423408e+00,-3.333888290475424121e+00,-1.000000000000000000e+00
-2.128081525038901134e+00,-3.372646455098292417e+00,-1.000000000000000000e+00
-2.948094994101093214e+00,-2.805836300472180689e+00,-1.000000000000000000e+00
-2.356517759532400280e+00,-3.258520830418663028e+00,-1.000000000000000000e+00
-2.533494065234533466e+00,-3.093127925712852999e+00,-1.000000000000000000e+00
-2.592948979605052440e+00,-3.105425474472111702e+00,-1.000000000000000000e+00
-2.320287176017299835e+00,-3.375243346832008218e+00,-1.000000000000000000e+00
-1.488722397246152074e+00,-3.791069860853927942e+00,-1.000000000000000000e+00
-2.777787685538950502e+00,-2.953325957869304297e+00,-1.000000000000000000e+00
-1.867715044216330167e+00,-3.590979510521423723e+00,-1.000000000000000000e+00
-1.662186880390656318e+00,-3.713882053084686330e+00,-1.000000000000000000e+00
-2.806849388018589408e+00,-2.922909490081783357e+00,-1.000000000000000000e+00
-1.919845512288306022e+00,-3.469241098390214884e+00,-1.000000000000000000e+00
-1.155325041749221793e+00,-4.039289370304968152e+00,-1.000000000000000000e+00
-3.018870081211077139e+00,-2.859144881306397323e+00,-1.000000000000000000e+00
-1.981516695289050611e+00,-3.438696525147555860e+00,-1.000000000000000000e+00
-3.353251978314051307e+00,-2.630159595835779296e+00,-1.000000000000000000e+00
-3.738000680427980615e+00,-2.400589919270516237e+00,-1.000000000000000000e+00
-3.157033482355466880e+00,-2.747393973573455828e+00,-1.000000000000000000e+00
-3.939943753459859366e+00,-2.213582449402648145e+00,-1.000000000000000000e+00
-2.416802947365999987e+00,-3.205071863556328449e+00,-1.000000000000000000e+00
-2.864616846883427659e+00,-2.906124631828865823e+00,-1.000000000000000000e+00
-3.570994252013090620e+00,-2.503245638049737654e+00,-1.000000000000000000e+00
-2.586382181538133374e+00,-3.240491081866865297e+00,-1.000000000000000000e+00
-2.490728475619757187e+00,-3.196708207993653517e+00,-1.000000000000000000e+00
-2.245038343962393323e+00,-3.276493666350150047e+00,-1.000000000000000000e+00
-2.692183754864037049e+00,-3.154093371519097300e+00,-1.000000000000000000e+00
-2.985952626999322401e+00,-2.858359967039506788e+00,-1.000000000000000000e+00
-1.827948161448101461e+00,-3.590023458014312663e+00,-1.000000000000000000e+00
-2.107316766834573141e+00,-3.354208901799241360e+00,-1.000000000000000000e+00
-3.218845149931178096e+00,-2.668032027387275740e+00,-1.000000000000000000e+00
-4.073469368067799579e+00,-2.246895690806110402e+00,-1.000000000000000000e+00
-3.040924787575087329e+00,-2.816082102917949914e+00,-1.000000000000000000e+00
-2.773983586078298202e+00,-3.000802661082855760e+00,-1.000000000000000000e+00
-3.244859138115733455e+00,-2.666030281776534672e+00,-1.000000000000000000e+00
-2.034686381738104011e+00,-3.461784763538702236e+00,-1.000000000000000000e+00
-3.012476231420762041e+00,-2.784497006586347467e+00,-1.000000000000000000e+00
-2.834792551557767659e+00,-2.886902470792244824e+00,-1.000000000000000000e+00
-3.356602800581621082e+00,-2.622962396874503277e+00,-1.000000000000000000e+00
-3.060258421241646154e+00,-2.847149154079565925e+00,-1.000000000000000000e+00
-4.544571229540460777e+00,-1.867269512255272268e+00,-1.000000000000000000e+00
-3.373776126482597615e+00,-2.673746033902284491e+00,-1.000000000000000000e+00
-2.856830409234977886e+00,-2.986674837117647474e+00,-1.000000000000000000e+00
-3.841132529882174129e+00,-2.308326734407711633e+00,-1.000000000000000000e+00
-4.978662642870292032e+00,-1.475524762414452296e+00,-1.000000000000000000e+00
-2.285765972515138689e+00,-3.209466628885365047e+00,-1.000000000000000000e+00
-3.769810788275414826e+00,-2.370862338882156806e+00,-1.000000000000000000e+00
-2.362369719283459180e+00,-3.291424982968498725e+00,-1.000000000000000000e+00
-2.759959939965101583e+00,-3.162530118117738542e+00,-1.000000000000000000e+00
-2.554560284563309747e+00,-3.189678032514656092e+00,-1.000000000000000000e+00
-2.160991611028769022e+00,-3.400982252230241087e+00,-1.000000000000000000e+00
-2.523765094868863468e+00,-3.050632405869013297e+00,-1.000000000000000000e+00
-1.354270275637325271e+00,-3.854214253468058349e+00,-1.000000000000000000e+00
-3.637424377722640934e+00,-2.438348646778525808e+00,-1.000000000000000000e+00
-1.880263082594897606e+00,-3.635503504709582501e+00,-1.000000000000000000e+00
-3.241882701458807858e+00,-2.736625328787555489e+00,-1.000000000000000000e+00
-3.311097567606524628e+00,-2.809382464478040298e+00,-1.000000000000000000e+00
-3.011434030605149914e+00,-2.776766912141281018e+00,-1.000000000000000000e+00
-3.644450840036131734e+00,-2.286606565289662107e+00,-1.000000000000000000e+00
-3.104867562839408457e+00,-2.745914823432690444e+00,-1.000000000000000000e+00
-3.863424766757751705e+00,-2.296542329286020756e+00,-1.000000000000000000e+00
-2.337843494262894062e+00,-3.263135645093666160e+00,-1.000000000000000000e+00
-1.974293463179519037e+00,-3.605264400140514081e+00,-1.000000000000000000e+00
-2.748203657400634103e+00,-3.041240039850259258e+00,-1.000000000000000000e+00
-2.441324490267152036e+00,-3.217908043729370782e+00,-1.000000000000000000e+00
-2.894864535272840822e+00,-3.030959363666806627e+00,-1.000000000000000000e+00
-1.784065401388141625e+00,-3.575143383259112184e+00,-1.000000000000000000e+00
-2.481555424916572328e+00,-3.081818791338865715e+00,-1.000000000000000000e+00
-2.829111677014519266e+00,-3.001222470821456323e+00,-1.000000000000000000e+00
-2.353920292739406950e+00,-3.242950973444414853e+00,-1.000000000000000000e+00
-3.257173494463724062e+00,-2.711590166476856911e+00,-1.000000000000000000e+00
-2.439488917065119722e+00,-3.029983709912341894e+00,-1.000000000000000000e+00
-2.626683985531399035e+00,-3.209269611997063620e+00,-1.000000000000000000e+00
-2.164126589733439410e+00,-3.293520696464491415e+00,-1.000000000000000000e+00
-3.052954164999181597e+00,-2.804179430047490929e+00,-1.000000000000000000e+00
-2.384351749924090491e+00,-3.223596868936415394e+00,-1.000000000000000000e+00
-2.787600589552493346e+00,-2.995456714150511512e+00,-1.000000000000000000e+00
-3.198896170197063515e+00,-2.640029985975609339e+00,-1.000000000000000000e+00
-3.415094605050280396e+00,-2.561127248874160767e+00,-1.000000000000000000e+00
-2.452515417921226515e+00,-3.251001217721757985e+00,-1.000000000000000000e+00
-2.868593767420073881e+00,-2.895907096528153257e+00,-1.000000000000000000e+00
-2.718643684912782632e+00,-3.049230029425484823e+00,-1.000000000000000000e+00
-3.057391515327775533e+00,-2.845785517708610435e+00,-1.000000000000000000e+00
-1.564309091236190996e+00,-3.815835146904190900e+00,-1.000000000000000000e+00
-2.853421074371666588e+00,-2.966098725165212890e+00,-1.000000000000000000e+00
-3.988752566478055872e+00,-2.305386139057379324e+00,-1.000000000000000000e+00
-1.900747626486875674e+00,-3.596386428032921412e+00,-1.000000000000000000e+00
-3.129332380007572745e+00,-2.824009872196583615e+00,-1.000000000000000000e+00
-1.686782962448364120e+00,-3.598103770128637358e+00,-1.000000000000000000e+00
-3.065614340049436226e+00,-2.736093020487471161e+00,-1.000000000000000000e+00
-2.652117420362425815e+00,-3.149520994846253252e+00,-1.000000000000000000e+00
-4.566470703559811994e+00,-1.838290564848138464e+00,-1.000000000000000000e+00
-3.619291720196843087e+00,-2.458449429575522149e+00,-1.000000000000000000e+00
-3.620676455237571201e+00,-2.481574307718608097e+00,-1.000000000000000000e+00
-2.009651518201245324e+00,-3.546011525429209499e+00,-1.000000000000000000e+00
-2.217594743051539474e+00,-3.243372942592487096e+00,-1.000000000000000000e+00
-3.788393806741868097e+00,-2.318386383062450040e+00,-1.000000000000000000e+00
-3.547573537091466278e+00,-2.528339976240406184e+00,-1.000000000000000000e+00
-2.130052562735353483e+00,-3.278585951290349243e+00,-1.000000000000000000e+00
-4.238465943823477744e+00,-2.103343339937520540e+00,-1.000000000000000000e+00
-3.993513058053178355e+00,-2.199655035896916910e+00,-1.000000000000000000e+00
-3.883818445032572786e+00,-2.394169858028049269e+00,-1.000000000000000000e+00
-2.705254834527575980e+00,-3.004792905789692714e+00,-1.000000000000000000e+00
-2.968641582154531999e+00,-2.854295951030687117e+00,-1.000000000000000000e+00
-8.769674538151890353e-01,-4.110570717171152744e+00,-1.000000000000000000e+00
-3.119214950038559753e+00,-2.781462090468053372e+00,-1.000000000000000000e+00
-3.083499198739729330e+00,-2.764492955397467533e+00,-1.000000000000000000e+00
-1.379024244758163986e+00,-3.865698294671159552e+00,-1.000000000000000000e+00
-3.033135294029650542e+00,-2.756016151125540770e+00,-1.000000000000000000e+00
-3.172127971058715801e+00,-2.745675922102831290e+00,-1.000000000000000000e+00
-2.490803832801629536e+00,-3.149412995268118465e+00,-1.000000000000000000e+00
-3.536400725816652546e+00,-2.518780558697030436e+00,-1.000000000000000000e+00
-2.248461588383383170e+00,-3.414079790603596898e+00,-1.000000000000000000e+00
-3.746571090320302222e+00,-2.312885855304163130e+00,-1.000000000000000000e+00
-2.342520487286685604e+00,-3.208973656909775762e+00,-1.000000000000000000e+00
-3.359408591653216813e+00,-2.655731911626227681e+00,-1.000000000000000000e+00
-3.362976496126804715e+00,-2.655757788425423094e+00,-1.000000000000000000e+00
-1.919758434235964817e+00,-3.479929421181227944e+00,-1.000000000000000000e+00
-1.491776037157413803e+00,-3.842107480791782770e+00,-1.000000000000000000e+00
-3.694372501924731100e+00,-2.472514148840804005e+00,-1.000000000000000000e+00
-2.609992531607288946e+00,-3.104743365628671814e+00,-1.000000000000000000e+00
-3.235016443541437248e+00,-2.789639837264042743e+00,-1.000000000000000000e+00
-1.488133381820916368e+00,-3.838071214356813421e+00,-1.000000000000000000e+00
-2.635882506601632702e+00,-3.043007680003763760e+00,-1.000000000000000000e+00
-3.385571691695673735e+00,-2.622884802067295240e+00,-1.000000000000000000e+00
-2.278458498242343921e+00,-3.325912333440367519e+00,-1.000000000000000000e+00
-3.252720632912390553e+00,-2.787350582235527785e+00,-1.000000000000000000e+00
-3.110316800824672878e+00,-2.819581572379285195e+00,-1.000000000000000000e+00
-1.774825333094392832e+00,-3.578226122123767006e+00,-1.000000000000000000e+00
-2.169421161384309737e+00,-3.356564096467132607e+00,-1.000000000000000000e+00
-4.128753698688958806e+00,-2.012038203975158979e+00,-1.000000000000000000e+00
-2.666939655673794540e+00,-3.043716210405484457e+00,-1.000000000000000000e+00
-2.562177134616319130e+00,-3.204644334318884624e+00,-1.000000000000000000e+00
-3.770669388920710574e+00,-2.418985735969866990e+00,-1.000000000000000000e+00
-2.669090553647323727e+00,-3.038382267707497864e+00,-1.000000000000000000e+00
-3.297019646889006950e+00,-2.659532417009382144e+00,-1.000000000000000000e+00
-2.308358219471536188e+00,-3.321919091646177602e+00,-1.000000000000000000e+00
-1.349616114229861497e+00,-3.947180714467559248e+00,-1.000000000000000000e+00
-4.208938177610305864e+00,-2.099770032223264860e+00,-1.000000000000000000e+00
-3.556458737313004104e+00,-2.484849661100128060e+00,-1.000000000000000000e+00
-2.162446169960189124e+00,-3.453802998914596412e+00,-1.000000000000000000e+00
-2.306480253614298537e+00,-3.420492075531397891e+00,-1.000000000000000000e+00
-2.636799506000734983e+00,-3.069908518205714643e+00,-1.000000000000000000e+00
-2.917096927959445196e+00,-2.916435019026320408e+00,-1.000000000000000000e+00
-2.457020410088380125e+00,-3.157119591715026985e+00,-1.000000000000000000e+00
-3.766300043099165329e+00,-2.259715229350076182e+00,-1.000000000000000000e+00
-2.361814619428161510e+00,-3.180047816412975070e+00,-1.000000000000000000e+00
-2.822102209325962896e+00,-2.953504931026909919e+00,-1.000000000000000000e+00
-2.753115391840574855e+00,-3.011779185275582194e+00,-1.000000000000000000e+00
-3.638812563450985582e+00,-2.487772050514266198e+00,-1.000000000000000000e+00
-2.779256034522364249e+00,-2.991176066797077482e+00,-1.000000000000000000e+00
-2.287079050799359692e+00,-3.373528827812368291e+00,-1.000000000000000000e+00
-2.963184636892202128e+00,-2.698494256374026623e+00,-1.000000000000000000e+00
-2.612383211995124910e+00,-3.020940020049027286e+00,-1.000000000000000000e+00
-3.623194309670576985e+00,-2.405300702298804438e+00,-1.000000000000000000e+00
-2.376724909938674468e+00,-3.195920035512683555e+00,-1.000000000000000000e+00
-1.539513010364802925e+00,-3.659488762134471163e+00,-1.000000000000000000e+00
-3.275241451085241895e+00,-2.610724083249060357e+00,-1.000000000000000000e+00
-3.744839721469028326e+00,-2.298859534821956263e+00,-1.000000000000000000e+00
-2.937634406692965161e+00,-2.854052001096246460e+00,-1.000000000000000000e+00
-2.043713979772617151e+00,-3.448560059413942280e+00,-1.000000000000000000e+00
-2.414110946492503018e+00,-3.206373869924673325e+00,-1.000000000000000000e+00
-3.200335915556145050e+00,-2.652058804408372161e+00,-1.000000000000000000e+00
-4.731136594264950368e+00,-1.708307820852172920e+00,-1.000000000000000000e+00
-3.488183861198701941e+00,-2.524585358692241766e+00,-1.000000000000000000e+00
-2.973191041339785734e+00,-2.865466673475846715e+00,-1.000000000000000000e+00
-2.362602427465025023e+00,-3.235441572318404901e+00,-1.000000000000000000e+00
-2.922983363631207254e+00,-2.896630483933748668e+00,-1.000000000000000000e+00
-2.612561659742689280e+00,-3.078796547744611978e+00,-1.000000000000000000e+00
-1.930299398547268508e+00,-3.491273553256063256e+00,-1.000000000000000000e+00
-2.455356941432621731e+00,-3.182782687150453427e+00,-1.000000000000000000e+00
-3.181517761823113855e+00,-2.723571959553499067e+00,-1.000000000000000000e+00
-4.181957500701216190e+00,-2.003363349138877147e+00,-1.000000000000000000e+00
-3.805622529942075616e+00,-2.362445561035408925e+00,-1.000000000000000000e+00
-2.844165508265019238e+00,-2.809758076752225886e+00,-1.000000000000000000e+00
-3.229041758521360883e+00,-2.668164421081678839e+00,-1.000000000000000000e+00
-3.031153199256170439e+00,-2.723706862061038070e+00,-1.000000000000000000e+00
-2.458869929215769634e+00,-3.170659582582773250e+00,-1.000000000000000000e+00
-3.919233807044057993e+00,-2.230149887324266000e+00,-1.000000000000000000e+00
-1.478057341967399685e+00,-3.813938671384931922e+00,-1.000000000000000000e+00
-4.012315612670087184e+00,-2.180003915085935162e+00,-1.000000000000000000e+00
-2.350167070408161418e+00,-3.267528437454723989e+00,-1.000000000000000000e+00
-1.848379824299470009e+00,-3.571737106859944166e+00,-1.000000000000000000e+00
-2.776160174027571870e+00,-2.960875915809254799e+00,-1.000000000000000000e+00
-2.724040095299836040e+00,-2.966043406649851999e+00,-1.000000000000000000e+00
-2.490747724978958022e+00,-3.108403968468445466e+00,-1.000000000000000000e+00
-3.101617432841108357e+00,-2.777681948517051858e+00,-1.000000000000000000e+00
-2.551221909656081088e+00,-3.154348117073950686e+00,-1.000000000000000000e+00
-3.307408952138326974e+00,-2.760352314505115867e+00,-1.000000000000000000e+00
-3.573645448142363179e+00,-2.474679829734071745e+00,-1.000000000000000000e+00
-2.119984314443720486e+00,-3.407981244045950930e+00,-1.000000000000000000e+00
-2.029571535626407019e+00,-3.491698174466066895e+00,-1.000000000000000000e+00
-2.701214255418475929e+00,-3.105877546649864929e+00,-1.000000000000000000e+00
-2.083027001549951684e+00,-3.410914082555653870e+00,-1.000000000000000000e+00
-3.035838156525418441e+00,-2.772944796815568491e+00,-1.000000000000000000e+00
-4.028377151073510021e+00,-2.376964674894349372e+00,-1.000000000000000000e+00
-3.650838137056727106e+00,-2.373693102269035293e+00,-1.000000000000000000e+00
-2.073285272913490296e+00,-3.399867401146288604e+00,-1.000000000000000000e+00
-2.763817769767197952e+00,-2.955214857328326339e+00,-1.000000000000000000e+00
-1.915006080008172962e+00,-3.554283070548343026e+00,-1.000000000000000000e+00
-2.541681600003424801e+00,-3.145688866348486101e+00,-1.000000000000000000e+00
-4.683366255101620190e+00,-1.653051645036190953e+00,-1.000000000000000000e+00
-2.850639502017385141e+00,-2.934869266842947688e+00,-1.000000000000000000e+00
-2.901361627154142031e+00,-2.894809619314210103e+00,-1.000000000000000000e+00
-3.041289239279519219e+00,-2.735523960216267092e+00,-1.000000000000000000e+00
-2.876630229335499944e+00,-2.880175474933593716e+00,-1.000000000000000000e+00
-2.072902648567395367e+00,-3.397752343674593778e+00,-1.000000000000000000e+00
-1.438542758947818578e+00,-3.647767733937786971e+00,-1.000000000000000000e+00
-3.034163170607151017e+00,-2.783436572091456895e+00,-1.000000000000000000e+00
-3.077807255841027434e+00,-2.838114180175900003e+00,-1.000000000000000000e+00
-3.940163189110678310e+00,-2.291306103831360463e+00,-1.000000000000000000e+00
-3.411211265884549260e+00,-2.577419939045801911e+00,-1.000000000000000000e+00
-3.883509924484322973e+00,-2.225698426088797088e+00,-1.000000000000000000e+00
-2.554304452130728098e+00,-3.029405678486682962e+00,-1.000000000000000000e+00
-3.148316938891767780e+00,-2.708009789088369867e+00,-1.000000000000000000e+00
-3.203587365982012880e+00,-2.727870000029950504e+00,-1.000000000000000000e+00
-4.404105357508920626e+00,-1.892121836436248206e+00,-1.000000000000000000e+00
-2.981877195956703641e+00,-2.839342758609831652e+00,-1.000000000000000000e+00
-3.916115214017521939e+00,-2.242951599467722268e+00,-1.000000000000000000e+00
-1.886056910657563979e+00,-3.428634763635936444e+00,-1.000000000000000000e+00
-2.965889578617354694e+00,-2.942736917006612440e+00,-1.000000000000000000e+00
-2.816335574061428648e+00,-3.005395173499925132e+00,-1.000000000000000000e+00
-2.823764804597755251e+00,-2.898773330616633448e+00,-1.000000000000000000e+00
-3.753131057719696795e+00,-2.216693107092911674e+00,-1.000000000000000000e+00
-2.507131238261023132e+00,-3.158485485277042315e+00,-1.000000000000000000e+00
-2.182769809712016951e+00,-3.372066599973233547e+00,-1.000000000000000000e+00
-3.600052875704481181e+00,-2.448444454420829697e+00,-1.000000000000000000e+00
-2.647328454196534508e+00,-3.032324553003137968e+00,-1.000000000000000000e+00
-2.398575789485480225e+00,-3.207965478702959672e+00,-1.000000000000000000e+00
-2.581464660128059307e+00,-3.086572185209379260e+00,-1.000000000000000000e+00
-4.834025746919629718e+00,-1.628249059475198823e+00,-1.000000000000000000e+00
-3.076278743874301114e+00,-2.797991684933822221e+00,-1.000000000000000000e+00
-4.381772431213296848e+00,-1.901929768788942710e+00,-1.000000000000000000e+00
-2.848903930763535985e+00,-2.885097414039632380e+00,-1.000000000000000000e+00
-3.119080642675772896e+00,-2.829040409680612989e+00,-1.000000000000000000e+00
-2.333078979629879424e+00,-3.241850172769814797e+00,-1.000000000000000000e+00
-3.531636263904432305e+00,-2.502160383349384620e+00,-1.000000000000000000e+00
-2.919332160452009717e+00,-2.835377498852953870e+00,-1.000000000000000000e+00
-4.020569521604974383e+00,-2.166082442681918074e+00,-1.000000000000000000e+00
-2.679998553260970695e+00,-3.018703566184526732e+00,-1.000000000000000000e+00
-3.663224346582341084e+00,-2.496805681418204692e+00,-1.000000000000000000e+00
-2.761845829731116364e+00,-2.987412496269735485e+00,-1.000000000000000000e+00
-3.285685734768538424e+00,-2.670168843375172241e+00,-1.000000000000000000e+00
-3.521649460939036302e+00,-2.581514173256834521e+00,-1.000000000000000000e+00
-2.414728982672647017e+00,-3.190534950544212656e+00,-1.000000000000000000e+00
-2.846412186059611216e+00,-2.901181989787326554e+00,-1.000000000000000000e+00
-1.191983377522000564e+00,-3.922354176151529259e+00,-1.000000000000000000e+00
-2.300265544449234589e+00,-3.293507037324995057e+00,-1.000000000000000000e+00
-3.237236745604158639e+00,-2.707723039617662142e+00,-1.000000000000000000e+00
-3.080296586856432928e+00,-2.726008839470612344e+00,-1.000000000000000000e+00
-1.826437638340061342e+00,-3.628980422297396480e+00,-1.000000000000000000e+00
-1.850623966096798689e+00,-3.690604563674321437e+00,-1.000000000000000000e+00
-3.122388587615306577e+00,-2.767611533092880993e+00,-1.000000000000000000e+00
-3.178106495659613895e+00,-2.694296486838257731e+00,-1.000000000000000000e+00
-3.437418288038528669e+00,-2.552822067466896439e+00,-1.000000000000000000e+00
-2.284943734225091116e+00,-3.316654706202196046e+00,-1.000000000000000000e+00
-4.908909368690807185e+00,-1.561300487473999521e+00,-1.000000000000000000e+00
-2.769025469109715587e+00,-3.070745536721213753e+00,-1.000000000000000000e+00
-2.571589485038989764e+00,-3.196854848761435886e+00,-1.000000000000000000e+00
-3.713879994834071940e+00,-2.388651529298345899e+00,-1.000000000000000000e+00
-2.798061541095020477e+00,-3.026514806576440009e+00,-1.000000000000000000e+00
-2.339765033136000483e+00,-3.303145545711456688e+00,-1.000000000000000000e+00
-3.987915090348417291e+00,-2.296751414920288337e+00,-1.000000000000000000e+00
-3.621480068929780582e+00,-2.380944585561531213e+00,-1.000000000000000000e+00
-3.406286734365297608e+00,-2.576658371952694981e+00,-1.000000000000000000e+00
-2.102952931007499693e+00,-3.392496785110572954e+00,-1.000000000000000000e+00
-1.819745378020680038e+00,-3.568209079410312068e+00,-1.000000000000000000e+00
-2.823824147638308357e+00,-2.983638193701763974e+00,-1.000000000000000000e+00
-3.657058215301399962e+00,-2.330484349032128755e+00,-1.000000000000000000e+00
-1.843334027351874349e+00,-3.429565167714067719e+00,-1.000000000000000000e+00
-3.508238534966758415e+00,-2.471537220513951638e+00,-1.000000000000000000e+00
-2.477252424640952189e+00,-3.163207442422215188e+00,-1.000000000000000000e+00
-2.916899238854913090e+00,-2.934720975328307446e+00,-1.000000000000000000e+00
-1.274228688077814864e+00,-3.910431086125537803e+00,-1.000000000000000000e+00
-2.026360414632800033e+00,-3.562171054592330854e+00,-1.000000000000000000e+00
-3.308905144990713865e+00,-2.665905691504536712e+00,-1.000000000000000000e+00
-4.524365836857699108e+00,-1.867676062176293339e+00,-1.000000000000000000e+00
-3.528331931593269299e+00,-2.407554888461536535e+00,-1.000000000000000000e+00
-3.119020136593007031e+00,-2.912919003275463492e+00,-1.000000000000000000e+00
-3.250958001495529714e+00,-2.629205645766445443e+00,-1.000000000000000000e+00
-2.121407884662963816e+00,-3.285824203571976021e+00,-1.000000000000000000e+00
-3.258397907016201245e+00,-2.731453933605510365e+00,-1.000000000000000000e+00
-2.971058083690365947e+00,-2.801474409697795487e+00,-1.000000000000000000e+00
-3.060800820602856742e+00,-2.753237207425363486e+00,-1.000000000000000000e+00
-3.803082570903498549e+00,-2.304218418307097505e+00,-1.000000000000000000e+00
-2.221749086934294848e+00,-3.290823594180810829e+00,-1.000000000000000000e+00
-3.153260050770508638e+00,-2.658979543466312823e+00,-1.000000000000000000e+00
-3.392061437735131690e+00,-2.572235308707999213e+00,-1.000000000000000000e+00
-2.957467761436973763e+00,-2.855204325633937223e+00,-1.000000000000000000e+00
-4.592630375139131083e+00,-1.823155014176594868e+00,-1.000000000000000000e+00
-3.607119274853487489e+00,-2.617471808583798687e+00,-1.000000000000000000e+00
-3.274475674827558969e+00,-2.786737754294076552e+00,-1.000000000000000000e+00
-2.996890582636511979e+00,-2.891821745434508539e+00,-1.000000000000000000e+00
-2.425314907239354056e+00,-3.125106287883100631e+00,-1.000000000000000000e+00
-2.172848194981397363e+00,-3.356182016354418707e+00,-1.000000000000000000e+00
-3.080874516666244567e+00,-2.712080999030450634e+00,-1.000000000000000000e+00
-1.810346525982582611e+00,-3.461575969877144221e+00,-1.000000000000000000e+00
-4.497921959390708047e+00,-1.901150373217432854e+00,-1.000000000000000000e+00
-1.291105966210427836e+00,-3.912287646199401614e+00,-1.000000000000000000e+00
-2.739406023475965846e+00,-2.909799504059320974e+00,-1.000000000000000000e+00
-3.755634877584146381e+00,-2.331007030774820965e+00,-1.000000000000000000e+00
-2.922465199844978656e+00,-2.867007601885968260e+00,-1.000000000000000000e+00
-2.965197150611822430e+00,-2.926414858379031703e+00,-1.000000000000000000e+00
-3.340652746342483770e+00,-2.592624922975079294e+00,-1.000000000000000000e+00
-4.127412717762773298e+00,-2.229385219981113941e+00,-1.000000000000000000e+00
-1.769507204285649227e+00,-3.537817398866404339e+00,-1.000000000000000000e+00
-2.487306989591131501e+00,-3.260923437301733507e+00,-1.000000000000000000e+00
-2.745897736523118304e+00,-2.959099030557262200e+00,-1.000000000000000000e+00
-2.867810057340438590e+00,-2.905405232962869455e+00,-1.000000000000000000e+00
-2.751067254188648281e+00,-2.922847050997232188e+00,-1.000000000000000000e+00
-2.297266773101760418e+00,-3.261742677139170876e+00,-1.000000000000000000e+00
-3.974504522094354009e+00,-2.309006781300044331e+00,-1.000000000000000000e+00
-3.597484901258008350e+00,-2.484981278015369277e+00,-1.000000000000000000e+00
-9.947108590082431867e-01,-4.217522357174657621e+00,-1.000000000000000000e+00
-3.727298389897383046e+00,-2.354683524508070391e+00,-1.000000000000000000e+00
-2.419373761103419618e+00,-3.214917734328311738e+00,-1.000000000000000000e+00
-2.912820897800722175e+00,-2.846005807112657049e+00,-1.000000000000000000e+00
-4.000676107030658457e+00,-2.163633159212330792e+00,-1.000000000000000000e+00
-3.051368676744754538e+00,-2.724865601222298928e+00,-1.000000000000000000e+00
-2.740922312497251490e+00,-3.071900302391647131e+00,-1.000000000000000000e+00
-2.914377210751219138e+00,-2.852037676364095553e+00,-1.000000000000000000e+00
-1.428973906886657819e+00,-3.803487679040393310e+00,-1.000000000000000000e+00
-2.655984664923264571e+00,-3.102240748724164554e+00,-1.000000000000000000e+00
-3.855037015374220388e+00,-2.217961294846010123e+00,-1.000000000000000000e+00
-3.472188412628288923e+00,-2.475549765345441688e+00,-1.000000000000000000e+00
-3.748770888867795748e+00,-2.336691843179649730e+00,-1.000000000000000000e+00
-3.364170141220287569e+00,-2.710462434449387725e+00,-1.000000000000000000e+00
-1.626898283545996415e+00,-3.711226386248192455e+00,-1.000000000000000000e+00
-4.106093012523831298e+00,-2.192349839989084170e+00,-1.000000000000000000e+00
-4.509290599652543641e+00,-1.853959830346398885e+00,-1.000000000000000000e+00
-3.735216485208256554e+00,-2.421814676814399103e+00,-1.000000000000000000e+00
-2.907674096415700404e+00,-2.828054179682539360e+00,-1.000000000000000000e+00
-3.125567236051561615e+00,-2.886196589660788625e+00,-1.000000000000000000e+00
-3.851818323565014524e+00,-2.333157095178446383e+00,-1.000000000000000000e+00
-2.487565649532034850e+00,-3.066335941066890669e+00,-1.000000000000000000e+00
-2.723587476937565199e+00,-2.950797896064568437e+00,-1.000000000000000000e+00
-2.666080999655895400e+00,-3.120367108952454060e+00,-1.000000000000000000e+00
-3.851239938446300748e+00,-2.373217778632549901e+00,-1.000000000000000000e+00
-3.292196051548555324e+00,-2.617965941565469912e+00,-1.000000000000000000e+00
-3.177567979445414359e+00,-2.610778247293321197e+00,-1.000000000000000000e+00
-3.695004713854189049e+00,-2.326615290004417247e+00,-1.000000000000000000e+00
-3.881460547552284535e+00,-2.240112122456818788e+00,-1.000000000000000000e+00
-4.566606352875166586e+00,-1.833283249096536727e+00,-1.000000000000000000e+00
-2.836033835118972224e+00,-2.990815784486241302e+00,-1.000000000000000000e+00
-1.900340291839559104e+00,-3.543835360140835888e+00,-1.000000000000000000e+00
-2.166423620229454894e+00,-3.406701784774096353e+00,-1.000000000000000000e+00
-3.281446156111390788e+00,-2.674730529521336830e+00,-1.000000000000000000e+00
-3.831236544811621236e+00,-2.323247129116158938e+00,-1.000000000000000000e+00
-1.231747104130447967e+00,-3.900323576338019738e+00,-1.000000000000000000e+00
-2.200290270005141657e+00,-3.384488110650238912e+00,-1.000000000000000000e+00
-2.729040192409817323e+00,-2.964997529446565139e+00,-1.000000000000000000e+00
-2.279823964281259663e+00,-3.267787633777457845e+00,-1.000000000000000000e+00
-3.242903738026241545e+00,-2.743094899601302039e+00,-1.000000000000000000e+00
-2.914885829990865318e+00,-2.861266637030936089e+00,-1.000000000000000000e+00
-2.893231393479347435e+00,-2.823968006017480104e+00,-1.000000000000000000e+00
-2.599330939223621684e+00,-3.184002154439702359e+00,-1.000000000000000000e+00
-3.770839366199516540e+00,-2.500029611647299532e+00,-1.000000000000000000e+00
-2.427935163444987943e+00,-3.369582000684697043e+00,-1.000000000000000000e+00
-2.500415802565178591e+00,-3.108258439286942121e+00,-1.000000000000000000e+00
-3.137388302833309606e+00,-2.783122893933328790e+00,-1.000000000000000000e+00
-3.043331750784406431e+00,-2.804621473657267661e+00,-1.000000000000000000e+00
-4.410245853975228947e+00,-1.869793284565621105e+00,-1.000000000000000000e+00
-2.084118092109298992e+00,-3.427754779022859744e+00,-1.000000000000000000e+00
-2.828557294659374222e+00,-2.948352697804037970e+00,-1.000000000000000000e+00
-4.688024209324465730e+00,-1.885165611284443488e+00,-1.000000000000000000e+00
-3.359459613203156891e+00,-2.559968842144820567e+00,-1.000000000000000000e+00
-3.039223237875587458e+00,-2.696871650080908012e+00,-1.000000000000000000e+00
-2.285908844871011869e+00,-3.336312075069837402e+00,-1.000000000000000000e+00
-2.177183395014410383e+00,-3.314343427645344065e+00,-1.000000000000000000e+00
-2.980323081918446082e+00,-2.654684721840127715e+00,-1.000000000000000000e+00
-3.068810710535933239e+00,-2.814509814651225739e+00,-1.000000000000000000e+00
-3.376079030686569116e+00,-2.711837791100398576e+00,-1.000000000000000000e+00
-2.506710998480023544e+00,-3.133950092432753909e+00,-1.000000000000000000e+00
-2.292102528816710727e+00,-3.241542772487040480e+00,-1.000000000000000000e+00
-2.336880621991066942e+00,-3.206825237971656861e+00,-1.000000000000000000e+00
-1.395522183187096088e+00,-3.771461675427344229e+00,-1.000000000000000000e+00
-3.486617033996939341e+00,-2.508137788451982431e+00,-1.000000000000000000e+00
-2.517961304107713794e+00,-3.111678094437489772e+00,-1.000000000000000000e+00
-3.095624954676192697e+00,-2.688854926906415699e+00,-1.000000000000000000e+00
-3.520667155380650115e+00,-2.371389385541089467e+00,-1.000000000000000000e+00
-3.675938285636989100e+00,-2.439790263426775851e+00,-1.000000000000000000e+00
-1.358593298417545947e+00,-3.876142412913758939e+00,-1.000000000000000000e+00
-3.164220051037009984e+00,-2.654487386687765405e+00,-1.000000000000000000e+00
-2.805475773892759150e+00,-2.858952203712570750e+00,-1.000000000000000000e+00
-3.571818893181557542e+00,-2.523727761946303438e+00,-1.000000000000000000e+00
-2.813117576858831459e+00,-2.785549428234403990e+00,-1.000000000000000000e+00
-2.850352104918503215e+00,-2.919437714554236507e+00,-1.000000000000000000e+00
-2.352431323666551943e+00,-3.148080980568250808e+00,-1.000000000000000000e+00
-2.254264227723187908e+00,-3.273880530365465447e+00,-1.000000000000000000e+00
-2.840611296695526367e+00,-2.981059350332252667e+00,-1.000000000000000000e+00
-3.376782428977213257e+00,-2.613277268374416984e+00,-1.000000000000000000e+00
-2.134669350658692455e+00,-3.395069443107081142e+00,-1.000000000000000000e+00
-3.413422558436762344e+00,-2.622548451867873442e+00,-1.000000000000000000e+00
-3.549657530777314829e+00,-2.337055707121376891e+00,-1.000000000000000000e+00
-1.806105640543033797e+00,-3.562606732622991323e+00,-1.000000000000000000e+00
-3.512951480559570516e+00,-2.570008343037308851e+00,-1.000000000000000000e+00
-2.491654345696990180e+00,-3.294989826778301101e+00,-1.000000000000000000e+00
-1.493802948010624077e+00,-3.763721888873456933e+00,-1.000000000000000000e+00
-3.404905436877319502e+00,-2.551340147235158451e+00,-1.000000000000000000e+00
-2.232194708329100052e+00,-3.400796812037995220e+00,-1.000000000000000000e+00
-2.808445765330469079e+00,-2.971714217377925404e+00,-1.000000000000000000e+00
-3.776885897378898349e+00,-2.294949898127145449e+00,-1.000000000000000000e+00
-3.039705951987222043e+00,-2.784512677663359970e+00,-1.000000000000000000e+00
-2.033327653788726153e+00,-3.516434543838329763e+00,-1.000000000000000000e+00
-3.312663398980121965e+00,-2.659074408055897454e+00,-1.000000000000000000e+00
-3.003931696939878382e+00,-2.927797069246520056e+00,-1.000000000000000000e+00
-9.565175202980900071e-01,-4.104439232566494233e+00,-1.000000000000000000e+00
-1.816855709026145238e+00,-3.597972549451800006e+00,-1.000000000000000000e+00
-3.792216991781109492e+00,-2.281864075144657278e+00,-1.000000000000000000e+00
-4.055749736283408957e+00,-2.196883542731816075e+00,-1.000000000000000000e+00
-3.510322032499407108e+00,-2.569308719212209269e+00,-1.000000000000000000e+00
-3.168384809817391901e+00,-2.668962638142887922e+00,-1.000000000000000000e+00
-2.355590840862660684e+00,-3.240561895063311937e+00,-1.000000000000000000e+00
-2.563214028864658989e+00,-3.149402548718825301e+00,-1.000000000000000000e+00
-1.209644462528118192e+00,-3.986892215292170860e+00,-1.000000000000000000e+00
-2.819358405998733108e+00,-2.934840788430645109e+00,-1.000000000000000000e+00
-2.762194336142961948e+00,-2.841273557956316864e+00,-1.000000000000000000e+00
-3.421471176082972132e+00,-2.573634899567252887e+00,-1.000000000000000000e+00
-4.760886106298339193e+00,-1.776120677315561558e+00,-1.000000000000000000e+00
-3.027505471213545185e+00,-2.747632117184592104e+00,-1.000000000000000000e+00
-2.206522850873929187e+00,-3.274243213652969331e+00,-1.000000000000000000e+00
-4.316583503548965695e+00,-1.953371871181169617e+00,-1.000000000000000000e+00
-1.786020802781216332e+00,-3.662441458768491032e+00,-1.000000000000000000e+00
-3.551582854640980891e+00,-2.483125271300255399e+00,-1.000000000000000000e+00
-3.613415570651366870e+00,-2.469092084196236936e+00,-1.000000000000000000e+00
-2.008034159650978090e+00,-3.601232465330576726e+00,-1.000000000000000000e+00
-1.228890239919102401e+00,-3.929365765717245829e+00,-1.000000000000000000e+00
-4.058792201897922780e+00,-2.301100270082929278e+00,-1.000000000000000000e+00
-2.206140926828374038e+00,-3.336421255792607621e+00,-1.000000000000000000e+00
-2.203433620542581295e+00,-3.437230344409528460e+00,-1.000000000000000000e+00
-3.099835850952986860e+00,-2.751059942467970032e+00,-1.000000000000000000e+00
-3.269505146095944781e+00,-2.565128309419903996e+00,-1.000000000000000000e+00
-1.965160358236060834e+00,-3.506534764596892728e+00,-1.000000000000000000e+00
-3.860104237519079717e+00,-2.279214641739765401e+00,-1.000000000000000000e+00
-3.126006103035604333e+00,-2.689400885629359639e+00,-1.000000000000000000e+00
-4.248770628238604630e+00,-2.107063440384359776e+00,-1.000000000000000000e+00
-3.950864165374603054e+00,-2.349452296539647822e+00,-1.000000000000000000e+00
-2.711743256820025039e+00,-2.994936117022015232e+00,-1.000000000000000000e+00
-1.362702240377458018e+00,-3.838457459459376775e+00,-1.000000000000000000e+00
-3.435892756479340449e+00,-2.634515755952443250e+00,-1.000000000000000000e+00
-3.103855153596927874e+00,-2.764000995529183768e+00,-1.000000000000000000e+00
-3.653422351799747059e+00,-2.452945627551144092e+00,-1.000000000000000000e+00
-2.425475272013575267e+00,-3.189057117903621119e+00,-1.000000000000000000e+00
-3.071807601323829573e+00,-2.718979824356615005e+00,-1.000000000000000000e+00
-8.550765225765668553e-01,-4.237525842502152251e+00,-1.000000000000000000e+00
-2.190300698155416725e+00,-3.407183364770864031e+00,-1.000000000000000000e+00
-3.391354980660755469e+00,-2.582116139680397549e+00,-1.000000000000000000e+00
-4.290934301452683286e+00,-2.069142405349757574e+00,-1.000000000000000000e+00
-2.684556540579402739e+00,-3.143137504227571988e+00,-1.000000000000000000e+00
-2.008428534595508186e+00,-3.293751446152829221e+00,-1.000000000000000000e+00
-2.660541037714869717e+00,-3.113601787561666168e+00,-1.000000000000000000e+00
-3.219472283424469339e+00,-2.680859016991215871e+00,-1.000000000000000000e+00
-3.401161627182464287e+00,-2.532909090475471636e+00,-1.000000000000000000e+00
-1.993714987175397191e+00,-3.433539272246621810e+00,-1.000000000000000000e+00
-2.317486287381479659e+00,-3.198757705055313316e+00,-1.000000000000000000e+00
-2.814502460236596892e+00,-3.036767109087088024e+00,-1.000000000000000000e+00
-2.634579951695186661e+00,-3.006040661315128038e+00,-1.000000000000000000e+00
-2.490008327575837122e+00,-3.143238718762988437e+00,-1.000000000000000000e+00
-3.341202500207939075e+00,-2.673873098152155237e+00,-1.000000000000000000e+00
-4.207770558361134228e+00,-2.039238234715253117e+00,-1.000000000000000000e+00
-3.274827584218366727e+00,-2.651576734474915487e+00,-1.000000000000000000e+00
-2.147896360777588054e+00,-3.373625756821742705e+00,-1.000000000000000000e+00
-1.231824335506284562e+00,-3.924224708534040040e+00,-1.000000000000000000e+00
-2.824769483531996084e+00,-2.929010166011463134e+00,-1.000000000000000000e+00
-2.360687023720060562e+00,-3.271229736066252336e+00,-1.000000000000000000e+00
-2.479136259263716724e+00,-3.108172547543709641e+00,-1.000000000000000000e+00
-2.881193374314765965e+00,-2.889234413592896455e+00,-1.000000000000000000e+00
-3.604981575520252335e+00,-2.486327791314115743e+00,-1.000000000000000000e+00
-3.707184166669375891e+00,-2.335210279697081504e+00,-1.000000000000000000e+00
-2.494658900902289922e+00,-3.144662270062557052e+00,-1.000000000000000000e+00
-3.232435442287439287e+00,-2.798285350779446734e+00,-1.000000000000000000e+00
-1.067338264481781041e+00,-3.989673002869380536e+00,-1.000000000000000000e+00
-3.435702600084181491e+00,-2.577123196842240116e+00,-1.000000000000000000e+00
-1.470634342548561735e+00,-3.712878432731776090e+00,-1.000000000000000000e+00
-2.010123451612115364e+00,-3.424596489798704013e+00,-1.000000000000000000e+00
-2.546969374872794845e+00,-3.162734910559002355e+00,-1.000000000000000000e+00
-4.007047379673181808e+00,-2.221835835590558084e+00,-1.000000000000000000e+00
-2.888802282494108642e+00,-2.876541980452744340e+00,-1.000000000000000000e+00
-2.364457402129936714e+00,-3.226415024483397342e+00,-1.000000000000000000e+00
-2.658192258092339166e+00,-3.133055828573241719e+00,-1.000000000000000000e+00
-3.977766642745607761e+00,-2.149427437791165296e+00,-1.000000000000000000e+00
-1.324390023666961014e+00,-3.831444231947933154e+00,-1.000000000000000000e+00
-1.435097038113378076e+00,-3.881586003031153087e+00,-1.000000000000000000e+00
-3.531904732573218908e+00,-2.554977638930119088e+00,-1.000000000000000000e+00
-3.491885222212736117e+00,-2.571787637653373260e+00,-1.000000000000000000e+00
-3.887613277034734693e+00,-2.290037421288572794e+00,-1.000000000000000000e+00
-3.191800057102336829e+00,-2.701553083193595217e+00,-1.000000000000000000e+00
-3.384497338657491472e+00,-2.435484757207259321e+00,-1.000000000000000000e+00
-3.479926235333205220e+00,-2.586216662318959525e+00,-1.000000000000000000e+00
-4.213591414742802854e+00,-1.981219151135547030e+00,-1.000000000000000000e+00
-3.035264528678184970e+00,-2.802183630494888167e+00,-1.000000000000000000e+00
-1.799374385295106960e+00,-3.675403253833157358e+00,-1.000000000000000000e+00
-3.254166786774028708e+00,-2.726654535399399393e+00,-1.000000000000000000e+00
-1.490548131276533184e+00,-3.714657617187019145e+00,-1.000000000000000000e+00
-2.495723556247332553e+00,-3.122866323356369378e+00,-1.000000000000000000e+00
-1.285622677316178519e+00,-3.863864163401951934e+00,-1.000000000000000000e+00
-2.761792454861106805e+00,-2.961159220964251215e+00,-1.000000000000000000e+00
-3.106658613154613668e+00,-2.746618063191871517e+00,-1.000000000000000000e+00
-1.885840168326337718e+00,-3.532304053151444467e+00,-1.000000000000000000e+00
-3.165445438657748412e+00,-2.706846171815765700e+00,-1.000000000000000000e+00
-3.101447386855510580e+00,-2.968423328374804715e+00,-1.000000000000000000e+00
-4.111008928647230221e+00,-2.114634173178444598e+00,-1.000000000000000000e+00
-2.140106775491361635e+00,-3.387323826957130635e+00,-1.000000000000000000e+00
-2.786691510665019855e+00,-2.954031948665304608e+00,-1.000000000000000000e+00
-3.514865917018181740e+00,-2.517796627224342387e+00,-1.000000000000000000e+00
-3.353041572287940753e+00,-2.624706691360382038e+00,-1.000000000000000000e+00
-4.891409145723645047e+00,-1.539304312274925701e+00,-1.000000000000000000e+00
-3.970729848577827958e+00,-2.067793337857755986e+00,-1.000000000000000000e+00
-3.554969804052330762e+00,-2.415746118249251673e+00,-1.000000000000000000e+00
-3.092891690407888916e+00,-2.901135005364660291e+00,-1.000000000000000000e+00
-3.225810971324995169e+00,-2.754018638400737462e+00,-1.000000000000000000e+00
-3.822736862220010412e+00,-2.317532323219770873e+00,-1.000000000000000000e+00
-2.343410582156954192e+00,-3.260269512482605325e+00,-1.000000000000000000e+00
-3.240011809987255909e+00,-2.711378635833817885e+00,-1.000000000000000000e+00
-4.039895816206943380e+00,-2.134199832961269028e+00,-1.000000000000000000e+00
-3.592843674252230279e+00,-2.378636914254357304e+00,-1.000000000000000000e+00
-4.484609476612492429e+00,-1.917464786344415861e+00,-1.000000000000000000e+00
-2.044889032322254607e+00,-3.419689337293526421e+00,-1.000000000000000000e+00
-2.268302559781699923e+00,-3.126354737855881805e+00,-1.000000000000000000e+00
-2.046724938940140071e+00,-3.501573714431336359e+00,-1.000000000000000000e+00
-1.990456643254921998e+00,-3.517597071928132646e+00,-1.000000000000000000e+00
-3.513160535572015686e+00,-2.575704452563831737e+00,-1.000000000000000000e+00
-3.044604821172533171e+00,-2.745835162916418604e+00,-1.000000000000000000e+00
-2.107760614498332075e+00,-3.399429687762908436e+00,-1.000000000000000000e+00
-3.893121684083794776e+00,-2.330691256638278475e+00,-1.000000000000000000e+00
-2.085297288274376548e+00,-3.321296759666485521e+00,-1.000000000000000000e+00
-2.869454367492443758e+00,-2.946399226817406625e+00,-1.000000000000000000e+00
-3.437187865174118340e+00,-2.551073294934272706e+00,-1.000000000000000000e+00
-2.774752676013180430e+00,-2.888649688903758506e+00,-1.000000000000000000e+00
-4.168682091122876798e+00,-2.094535663883684062e+00,-1.000000000000000000e+00
-3.708371986305917023e+00,-2.378284221927341235e+00,-1.000000000000000000e+00
-3.290756188980249686e+00,-2.667433097660874441e+00,-1.000000000000000000e+00
-3.468472191791133419e+00,-2.502627609140113840e+00,-1.000000000000000000e+00
-3.038043973012838794e+00,-2.796776380031476883e+00,-1.000000000000000000e+00
-2.711531658918830079e+00,-3.091744329747343478e+00,-1.000000000000000000e+00
-3.196138131117395975e+00,-2.635431150167224512e+00,-1.000000000000000000e+00
-2.788258102788022885e+00,-2.945429746965740669e+00,-1.000000000000000000e+00
-2.953413042848241243e+00,-2.790993974319385451e+00,-1.000000000000000000e+00
-3.634152282272899104e+00,-2.449076720398841278e+00,-1.000000000000000000e+00
-2.021182419089325055e+00,-3.416287120405540279e+00,-1.000000000000000000e+00
-4.784724845467064114e+00,-1.848047145601271257e+00,-1.000000000000000000e+00
-3.169013100639880509e+00,-2.799726873676927852e+00,-1.000000000000000000e+00
-3.906107848274853023e+00,-2.174707019694379184e+00,-1.000000000000000000e+00
-3.400392096079247750e+00,-2.571131570239736597e+00,-1.000000000000000000e+00
-2.920298808321798223e+00,-2.863035806655616966e+00,-1.000000000000000000e+00
-1.864193119051334779e+00,-3.554268263047880350e+00,-1.000000000000000000e+00
-1.584437055775007375e+00,-3.687645083904171006e+00,-1.000000000000000000e+00
-3.797682495177782336e+00,-2.386893462202527960e+00,-1.000000000000000000e+00
-2.541000093853582609e+00,-3.216851602255426101e+00,-1.000000000000000000e+00
-2.418132276733293118e+00,-3.143120108344466423e+00,-1.000000000000000000e+00
-4.633887990631457399e+00,-1.854051975277932085e+00,-1.000000000000000000e+00
-3.423266126509719953e+00,-2.629506053435103130e+00,-1.000000000000000000e+00
-3.286480427123514403e+00,-2.608521863481383818e+00,-1.000000000000000000e+00
-2.394935910928589706e+00,-3.240236634738051347e+00,-1.000000000000000000e+00
-3.293841914374358915e+00,-2.713148872946625989e+00,-1.000000000000000000e+00
-2.873029489578807105e+00,-3.039495587506793051e+00,-1.000000000000000000e+00
-1.964031918442184166e+00,-3.617208908656161626e+00,-1.000000000000000000e+00
-3.962024173102026037e+00,-2.253068715244721076e+00,-1.000000000000000000e+00
-3.122809619307090223e+00,-2.743476640718991000e+00,-1.000000000000000000e+00
-2.273947438576543245e+00,-3.264322050467612701e+00,-1.000000000000000000e+00
-3.271792658143545918e+00,-2.814488340036068514e+00,-1.000000000000000000e+00
-3.520897814042282192e+00,-2.413630813198551550e+00,-1.000000000000000000e+00
-2.179965627327966615e+00,-3.415651138505370277e+00,-1.000000000000000000e+00
-2.889976235520500758e+00,-2.838042088430000831e+00,-1.000000000000000000e+00
-2.145149313795475798e+00,-3.296257694069380406e+00,-1.000000000000000000e+00
-4.214998585510769225e+00,-2.069097491513671283e+00,-1.000000000000000000e+00
-2.878234744430150371e+00,-2.891001815817519915e+00,-1.000000000000000000e+00
-2.403181551190734844e+00,-3.112824265065566198e+00,-1.000000000000000000e+00
-3.176398595402281089e+00,-2.812110214063900937e+00,-1.000000000000000000e+00
-2.652976346459171797e+00,-3.079386679079465061e+00,-1.000000000000000000e+00
-3.785133528967948635e+00,-2.397630059161838023e+00,-1.000000000000000000e+00
-2.294365303231901354e+00,-3.259967708115518725e+00,-1.000000000000000000e+00
-3.062998107896894417e+00,-2.909526504528920920e+00,-1.000000000000000000e+00
-3.829685962454461023e+00,-2.307302784307617483e+00,-1.000000000000000000e+00
-1.483387965175449796e+00,-3.787510209252930249e+00,-1.000000000000000000e+00
-2.291195314505332981e+00,-3.343992261680079459e+00,-1.000000000000000000e+00
